{"count":34,"results":[{"id":75,"initial":500,"minimum":50,"decay":30},{"id":76,"initial":500,"minimum":50,"decay":30},{"id":77,"initial":500,"minimum":50,"decay":30},{"id":78,"initial":500,"minimum":50,"decay":30},{"id":79,"initial":500,"minimum":50,"decay":30},{"id":80,"initial":500,"minimum":50,"decay":30},{"id":81,"initial":500,"minimum":50,"decay":30},{"id":84,"initial":500,"minimum":50,"decay":30},{"id":85,"initial":500,"minimum":50,"decay":30},{"id":87,"initial":500,"minimum":50,"decay":30},{"id":88,"initial":500,"minimum":50,"decay":30},{"id":89,"initial":500,"minimum":50,"decay":30},{"id":90,"initial":500,"minimum":50,"decay":30},{"id":91,"initial":500,"minimum":50,"decay":30},{"id":93,"initial":500,"minimum":50,"decay":30},{"id":94,"initial":500,"minimum":50,"decay":30},{"id":95,"initial":500,"minimum":50,"decay":30},{"id":96,"initial":500,"minimum":50,"decay":30},{"id":98,"initial":500,"minimum":50,"decay":30},{"id":99,"initial":500,"minimum":50,"decay":30},{"id":100,"initial":500,"minimum":50,"decay":30},{"id":101,"initial":500,"minimum":50,"decay":30},{"id":102,"initial":500,"minimum":50,"decay":30},{"id":103,"initial":500,"minimum":50,"decay":30},{"id":104,"initial":500,"minimum":50,"decay":30},{"id":106,"initial":500,"minimum":50,"decay":30},{"id":108,"initial":500,"minimum":50,"decay":200},{"id":109,"initial":500,"minimum":50,"decay":30},{"id":110,"initial":500,"minimum":50,"decay":30},{"id":111,"initial":500,"minimum":50,"decay":30},{"id":112,"initial":500,"minimum":50,"decay":30},{"id":114,"initial":500,"minimum":50,"decay":30},{"id":118,"initial":500,"minimum":50,"decay":30},{"id":119,"initial":500,"minimum":50,"decay":30}],"meta":{}}