{"count":209,"results":[{"id":5,"type":"user","value":"PolyMTL","field_id":5,"user_id":95,"team_id":null},{"id":6,"type":"user","value":"-","field_id":5,"user_id":122,"team_id":null},{"id":7,"type":"user","value":"Polytechnique Montreal","field_id":5,"user_id":123,"team_id":null},{"id":8,"type":"user","value":"\u00c9TS","field_id":5,"user_id":124,"team_id":null},{"id":9,"type":"user","value":"Lecole de la vie","field_id":5,"user_id":125,"team_id":null},{"id":10,"type":"user","value":"CEGEP Garneau","field_id":5,"user_id":126,"team_id":null},{"id":11,"type":"user","value":"Polytechnique","field_id":5,"user_id":127,"team_id":null},{"id":12,"type":"user","value":"*","field_id":5,"user_id":128,"team_id":null},{"id":13,"type":"user","value":"non","field_id":5,"user_id":129,"team_id":null},{"id":14,"type":"user","value":"Desjardins","field_id":5,"user_id":130,"team_id":null},{"id":15,"type":"user","value":"None","field_id":5,"user_id":131,"team_id":null},{"id":16,"type":"user","value":"Polytechnique Montr\u00e9al","field_id":5,"user_id":132,"team_id":null},{"id":17,"type":"user","value":"TSP","field_id":5,"user_id":133,"team_id":null},{"id":18,"type":"user","value":"Polytechnique Montreal","field_id":5,"user_id":134,"team_id":null},{"id":19,"type":"user","value":"Polytechnique Montreal","field_id":5,"user_id":null,"team_id":null},{"id":20,"type":"user","value":"IMT Lille-Douai","field_id":5,"user_id":136,"team_id":null},{"id":21,"type":"user","value":"Polytechnique Montreal","field_id":5,"user_id":135,"team_id":null},{"id":22,"type":"user","value":"epm","field_id":5,"user_id":137,"team_id":null},{"id":23,"type":"user","value":"ETS","field_id":5,"user_id":138,"team_id":null},{"id":24,"type":"user","value":"\u00c9TS","field_id":5,"user_id":139,"team_id":null},{"id":25,"type":"user","value":"Test","field_id":5,"user_id":140,"team_id":null},{"id":26,"type":"user","value":"Polytechnique Montreal","field_id":5,"user_id":141,"team_id":null},{"id":27,"type":"user","value":"Polytechnique","field_id":5,"user_id":142,"team_id":null},{"id":28,"type":"user","value":"\ud83d\udea9","field_id":5,"user_id":143,"team_id":null},{"id":29,"type":"user","value":"Polytechnique Montr\u00e9al","field_id":5,"user_id":144,"team_id":null},{"id":30,"type":"user","value":"none","field_id":5,"user_id":145,"team_id":null},{"id":31,"type":"user","value":"College La Cite","field_id":5,"user_id":146,"team_id":null},{"id":32,"type":"user","value":"\u00c9cole Polytechnique de Montreal","field_id":5,"user_id":147,"team_id":null},{"id":33,"type":"user","value":"Polytechnique","field_id":5,"user_id":148,"team_id":null},{"id":34,"type":"user","value":"PolyMtl","field_id":5,"user_id":149,"team_id":null},{"id":35,"type":"user","value":"ETS","field_id":5,"user_id":150,"team_id":null},{"id":36,"type":"user","value":"NaN","field_id":5,"user_id":151,"team_id":null},{"id":37,"type":"user","value":"\u00c9cole technologie Sup\u00e9rieure","field_id":5,"user_id":152,"team_id":null},{"id":38,"type":"user","value":"Polytechnique de Montreal","field_id":5,"user_id":153,"team_id":null},{"id":39,"type":"user","value":"C\u00e9gep Bois-de-Boulogne","field_id":5,"user_id":154,"team_id":null},{"id":40,"type":"user","value":"\u00c9TS","field_id":5,"user_id":155,"team_id":null},{"id":41,"type":"user","value":"polytechnique de montreal","field_id":5,"user_id":156,"team_id":null},{"id":42,"type":"user","value":"UQAM","field_id":5,"user_id":157,"team_id":null},{"id":43,"type":"user","value":"UQAM","field_id":5,"user_id":158,"team_id":null},{"id":44,"type":"user","value":"None","field_id":5,"user_id":159,"team_id":null},{"id":45,"type":"user","value":"Polytechnique Montr\u00e9al","field_id":5,"user_id":160,"team_id":null},{"id":46,"type":"user","value":"Polytechnique Montr\u00e9al","field_id":5,"user_id":161,"team_id":null},{"id":47,"type":"user","value":"Polytechnique Montr\u00e9al","field_id":5,"user_id":162,"team_id":null},{"id":48,"type":"user","value":"SummerJedi","field_id":5,"user_id":163,"team_id":null},{"id":49,"type":"user","value":"La Street","field_id":5,"user_id":164,"team_id":null},{"id":50,"type":"user","value":"None","field_id":5,"user_id":165,"team_id":null},{"id":52,"type":"user","value":"Ecole Nationale Sup\u00e9rieure Polytechnique de Yaound\u00e9","field_id":5,"user_id":167,"team_id":null},{"id":53,"type":"user","value":"Desjardins","field_id":5,"user_id":null,"team_id":null},{"id":54,"type":"user","value":"ETS","field_id":5,"user_id":169,"team_id":null},{"id":55,"type":"user","value":"ppoly","field_id":5,"user_id":170,"team_id":null},{"id":56,"type":"user","value":"Concordia University","field_id":5,"user_id":171,"team_id":null},{"id":57,"type":"user","value":"Poly MTL","field_id":5,"user_id":172,"team_id":null},{"id":58,"type":"user","value":"hz","field_id":5,"user_id":173,"team_id":null},{"id":59,"type":"user","value":"UdeS","field_id":5,"user_id":174,"team_id":null},{"id":60,"type":"user","value":"Google","field_id":5,"user_id":175,"team_id":null},{"id":61,"type":"user","value":"Desjardins","field_id":5,"user_id":176,"team_id":null},{"id":62,"type":"user","value":"Polytechnique Montreal","field_id":5,"user_id":177,"team_id":null},{"id":63,"type":"user","value":"Sherbrooke","field_id":5,"user_id":178,"team_id":null},{"id":64,"type":"user","value":"\u00c9cole de technologie sup\u00e9rieure \u00c9TS","field_id":5,"user_id":179,"team_id":null},{"id":65,"type":"user","value":"poly","field_id":5,"user_id":180,"team_id":null},{"id":66,"type":"user","value":"None","field_id":5,"user_id":181,"team_id":null},{"id":67,"type":"user","value":"\u00e9cole de technologie sup\u00e9rieure","field_id":5,"user_id":182,"team_id":null},{"id":68,"type":"user","value":"-","field_id":5,"user_id":183,"team_id":null},{"id":69,"type":"user","value":"C\u00e9gep Beauce appalache","field_id":5,"user_id":184,"team_id":null},{"id":70,"type":"user","value":"Polytechnique","field_id":5,"user_id":null,"team_id":null},{"id":71,"type":"user","value":"Polytechnique","field_id":5,"user_id":185,"team_id":null},{"id":72,"type":"user","value":"Polytechnique Montreal","field_id":5,"user_id":186,"team_id":null},{"id":73,"type":"user","value":"AAAA","field_id":5,"user_id":187,"team_id":null},{"id":74,"type":"user","value":"\u00c9cole Polytechnique Montr\u00e9al","field_id":5,"user_id":188,"team_id":null},{"id":75,"type":"user","value":"Polytechnique Montreal","field_id":5,"user_id":189,"team_id":null},{"id":76,"type":"user","value":"???","field_id":5,"user_id":190,"team_id":null},{"id":77,"type":"user","value":"none","field_id":5,"user_id":191,"team_id":null},{"id":78,"type":"user","value":"poly","field_id":5,"user_id":192,"team_id":null},{"id":79,"type":"user","value":"ESI Algiers / \u00c9TS Montr\u00e9al","field_id":5,"user_id":193,"team_id":null},{"id":80,"type":"user","value":"ENSA","field_id":5,"user_id":194,"team_id":null},{"id":81,"type":"user","value":"\u00c9TS Montr\u00e9al","field_id":5,"user_id":195,"team_id":null},{"id":82,"type":"user","value":"School / University ","field_id":5,"user_id":196,"team_id":null},{"id":83,"type":"user","value":"toto","field_id":5,"user_id":197,"team_id":null},{"id":84,"type":"user","value":"Polytechnique Montr\u00e9al","field_id":5,"user_id":198,"team_id":null},{"id":85,"type":"user","value":"ULaval","field_id":5,"user_id":199,"team_id":null},{"id":86,"type":"user","value":"Poly MTL","field_id":5,"user_id":200,"team_id":null},{"id":87,"type":"user","value":"School of Life","field_id":5,"user_id":201,"team_id":null},{"id":88,"type":"user","value":"N/A","field_id":5,"user_id":202,"team_id":null},{"id":89,"type":"user","value":"N/A","field_id":5,"user_id":203,"team_id":null},{"id":90,"type":"user","value":"Institut Universit\u00e9 Saint J\u00e9r\u00f4me de Douala","field_id":5,"user_id":204,"team_id":null},{"id":91,"type":"user","value":"\u00c9TS","field_id":5,"user_id":205,"team_id":null},{"id":92,"type":"user","value":"HEC","field_id":5,"user_id":206,"team_id":null},{"id":93,"type":"user","value":"Polytechnique de Montr\u00e9al","field_id":5,"user_id":207,"team_id":null},{"id":94,"type":"user","value":"None","field_id":5,"user_id":208,"team_id":null},{"id":95,"type":"user","value":"Polytechnique Montr\u00e9al","field_id":5,"user_id":209,"team_id":null},{"id":96,"type":"user","value":"Desjardins","field_id":5,"user_id":210,"team_id":null},{"id":97,"type":"user","value":"Polytechnique","field_id":5,"user_id":211,"team_id":null},{"id":98,"type":"user","value":"PolyMTL","field_id":5,"user_id":212,"team_id":null},{"id":99,"type":"user","value":"Polytechnique Montreal","field_id":5,"user_id":213,"team_id":null},{"id":100,"type":"user","value":"unikin","field_id":5,"user_id":214,"team_id":null},{"id":101,"type":"user","value":"UBS - IUT Vannes","field_id":5,"user_id":215,"team_id":null},{"id":102,"type":"user","value":"ETS","field_id":5,"user_id":216,"team_id":null},{"id":103,"type":"user","value":"ETS","field_id":5,"user_id":217,"team_id":null},{"id":104,"type":"user","value":"Desjardins","field_id":5,"user_id":168,"team_id":null},{"id":105,"type":"user","value":"LPU","field_id":5,"user_id":218,"team_id":null},{"id":106,"type":"user","value":"national school of applied scienses","field_id":5,"user_id":219,"team_id":null},{"id":107,"type":"user","value":"University of Delhi","field_id":5,"user_id":220,"team_id":null},{"id":108,"type":"user","value":"Polytechnique Montr\u00e9al","field_id":5,"user_id":221,"team_id":null},{"id":109,"type":"user","value":"Polytechnique","field_id":5,"user_id":222,"team_id":null},{"id":110,"type":"user","value":"\u00c9TS","field_id":5,"user_id":223,"team_id":null},{"id":111,"type":"user","value":"Localhost","field_id":5,"user_id":224,"team_id":null},{"id":112,"type":"user","value":"Ecole POLY Montreal","field_id":5,"user_id":225,"team_id":null},{"id":113,"type":"user","value":"Polytechnique Mtl","field_id":5,"user_id":226,"team_id":null},{"id":114,"type":"user","value":"tln","field_id":5,"user_id":227,"team_id":null},{"id":115,"type":"user","value":"Polytechnique Montreal","field_id":5,"user_id":228,"team_id":null},{"id":116,"type":"user","value":"None","field_id":5,"user_id":229,"team_id":null},{"id":117,"type":"user","value":"Ibm","field_id":5,"user_id":230,"team_id":null},{"id":118,"type":"user","value":"Polytechnique Montr\u00e9al","field_id":5,"user_id":231,"team_id":null},{"id":119,"type":"user","value":"Ecole de technologie sup\u00e9rieure","field_id":5,"user_id":232,"team_id":null},{"id":120,"type":"user","value":"Polytechnique","field_id":5,"user_id":233,"team_id":null},{"id":121,"type":"user","value":"N/A","field_id":5,"user_id":234,"team_id":null},{"id":122,"type":"user","value":"BdeB","field_id":5,"user_id":235,"team_id":null},{"id":123,"type":"user","value":"IUT - Vannes","field_id":5,"user_id":236,"team_id":null},{"id":124,"type":"user","value":"Coll\u00e8ge Jean-de-Brebeuf","field_id":5,"user_id":237,"team_id":null},{"id":125,"type":"user","value":"Desjardins","field_id":5,"user_id":238,"team_id":null},{"id":126,"type":"user","value":"polymtl","field_id":5,"user_id":239,"team_id":null},{"id":127,"type":"user","value":"Polytechnique Montr\u00e9al","field_id":5,"user_id":240,"team_id":null},{"id":128,"type":"user","value":"TSP","field_id":5,"user_id":241,"team_id":null},{"id":129,"type":"user","value":"Concordia","field_id":5,"user_id":242,"team_id":null},{"id":130,"type":"user","value":"Concordia University","field_id":5,"user_id":243,"team_id":null},{"id":131,"type":"user","value":"PolyMtl","field_id":5,"user_id":244,"team_id":null},{"id":132,"type":"user","value":"Bois de Boulogne","field_id":5,"user_id":245,"team_id":null},{"id":133,"type":"user","value":"INPT","field_id":5,"user_id":246,"team_id":null},{"id":134,"type":"user","value":"IUT de Vannes","field_id":5,"user_id":247,"team_id":null},{"id":135,"type":"user","value":"UTT","field_id":5,"user_id":248,"team_id":null},{"id":136,"type":"user","value":"Bb2wGw-MAUqGWu0MFXMzQ","field_id":5,"user_id":249,"team_id":null},{"id":137,"type":"user","value":"Concordia","field_id":5,"user_id":250,"team_id":null},{"id":138,"type":"user","value":"Takumi University","field_id":5,"user_id":251,"team_id":null},{"id":139,"type":"user","value":"Polytechnique","field_id":5,"user_id":252,"team_id":null},{"id":140,"type":"user","value":"UdeM","field_id":5,"user_id":253,"team_id":null},{"id":141,"type":"user","value":"Concordia University","field_id":5,"user_id":254,"team_id":null},{"id":142,"type":"user","value":"UQAC","field_id":5,"user_id":255,"team_id":null},{"id":143,"type":"user","value":"polymtl","field_id":5,"user_id":256,"team_id":null},{"id":144,"type":"user","value":"J'\u00e9tais \u00e0 l'ETS","field_id":5,"user_id":257,"team_id":null},{"id":145,"type":"user","value":"none","field_id":5,"user_id":258,"team_id":null},{"id":146,"type":"user","value":"UTBM","field_id":5,"user_id":259,"team_id":null},{"id":147,"type":"user","value":"N/A","field_id":5,"user_id":260,"team_id":null},{"id":148,"type":"user","value":"Polytechnique","field_id":5,"user_id":261,"team_id":null},{"id":149,"type":"user","value":"ETS","field_id":5,"user_id":262,"team_id":null},{"id":150,"type":"user","value":"MKw3UXRrJKFzDBa2YS3L","field_id":5,"user_id":263,"team_id":null},{"id":151,"type":"user","value":"Polytechnique Montr\u00e9al","field_id":5,"user_id":264,"team_id":null},{"id":152,"type":"user","value":"ETS","field_id":5,"user_id":265,"team_id":null},{"id":153,"type":"user","value":"Polytechnique MTL","field_id":5,"user_id":266,"team_id":null},{"id":154,"type":"user","value":"none","field_id":5,"user_id":267,"team_id":null},{"id":155,"type":"user","value":"concordia university","field_id":5,"user_id":268,"team_id":null},{"id":156,"type":"user","value":"PolyMtl","field_id":5,"user_id":269,"team_id":null},{"id":157,"type":"user","value":"SGT","field_id":5,"user_id":270,"team_id":null},{"id":158,"type":"user","value":"Polytechnique Montr\u00e9al","field_id":5,"user_id":271,"team_id":null},{"id":159,"type":"user","value":"College Bois de Boulogne","field_id":5,"user_id":272,"team_id":null},{"id":160,"type":"user","value":"Home","field_id":5,"user_id":273,"team_id":null},{"id":161,"type":"user","value":"HEIA","field_id":5,"user_id":274,"team_id":null},{"id":162,"type":"user","value":"RingZer0","field_id":5,"user_id":275,"team_id":null},{"id":163,"type":"user","value":"\u00c9cole de la vie","field_id":5,"user_id":276,"team_id":null},{"id":164,"type":"user","value":"\u00c9TS","field_id":5,"user_id":277,"team_id":null},{"id":165,"type":"user","value":"Miskatonic","field_id":5,"user_id":278,"team_id":null},{"id":166,"type":"user","value":"Polytechnique Montr\u00e9al","field_id":5,"user_id":279,"team_id":null},{"id":167,"type":"user","value":"HEC","field_id":5,"user_id":280,"team_id":null},{"id":168,"type":"user","value":"UQAM","field_id":5,"user_id":281,"team_id":null},{"id":169,"type":"user","value":"concordia","field_id":5,"user_id":282,"team_id":null},{"id":170,"type":"user","value":"polymtl","field_id":5,"user_id":283,"team_id":null},{"id":171,"type":"user","value":"Concordia","field_id":5,"user_id":284,"team_id":null},{"id":172,"type":"user","value":"Polymtl","field_id":5,"user_id":285,"team_id":null},{"id":173,"type":"user","value":"L'\u00e9cole de la vie","field_id":5,"user_id":286,"team_id":null},{"id":174,"type":"user","value":"patate","field_id":5,"user_id":287,"team_id":null},{"id":175,"type":"user","value":"Universit\u00e9 de Limoges","field_id":5,"user_id":288,"team_id":null},{"id":176,"type":"user","value":"Alone","field_id":5,"user_id":289,"team_id":null},{"id":177,"type":"user","value":"Polytechnique Montreal alumni","field_id":5,"user_id":121,"team_id":null},{"id":178,"type":"user","value":"Oui","field_id":5,"user_id":290,"team_id":null},{"id":179,"type":"user","value":"other","field_id":5,"user_id":291,"team_id":null},{"id":180,"type":"user","value":"/","field_id":5,"user_id":292,"team_id":null},{"id":181,"type":"user","value":"ENSIAS","field_id":5,"user_id":293,"team_id":null},{"id":182,"type":"user","value":"Carleton University","field_id":5,"user_id":294,"team_id":null},{"id":183,"type":"user","value":"EPITA","field_id":5,"user_id":295,"team_id":null},{"id":184,"type":"user","value":"e","field_id":5,"user_id":296,"team_id":null},{"id":185,"type":"user","value":"Universit\u00e9 de Reims","field_id":5,"user_id":297,"team_id":null},{"id":186,"type":"user","value":"Poly","field_id":5,"user_id":298,"team_id":null},{"id":187,"type":"user","value":"UdeM","field_id":5,"user_id":299,"team_id":null},{"id":188,"type":"user","value":"PolyMtl","field_id":5,"user_id":300,"team_id":null},{"id":189,"type":"user","value":"Anon","field_id":5,"user_id":301,"team_id":null},{"id":190,"type":"user","value":"University of Montreal","field_id":5,"user_id":302,"team_id":null},{"id":191,"type":"user","value":"PolyMTL","field_id":5,"user_id":303,"team_id":null},{"id":192,"type":"user","value":"none","field_id":5,"user_id":304,"team_id":null},{"id":193,"type":"user","value":"Universit\u00e9 de Montr\u00e9al","field_id":5,"user_id":305,"team_id":null},{"id":194,"type":"user","value":"Self","field_id":5,"user_id":306,"team_id":null},{"id":195,"type":"user","value":"GTD","field_id":5,"user_id":307,"team_id":null},{"id":196,"type":"user","value":"UQAM","field_id":5,"user_id":308,"team_id":null},{"id":197,"type":"user","value":"Concordia","field_id":5,"user_id":309,"team_id":null},{"id":198,"type":"user","value":"aa","field_id":5,"user_id":310,"team_id":null},{"id":199,"type":"user","value":"University","field_id":5,"user_id":311,"team_id":null},{"id":200,"type":"user","value":"BIT MESRA","field_id":5,"user_id":312,"team_id":null},{"id":201,"type":"user","value":"Polytechnique","field_id":5,"user_id":313,"team_id":null},{"id":202,"type":"user","value":"ENSIBS","field_id":5,"user_id":314,"team_id":null},{"id":203,"type":"user","value":"-","field_id":5,"user_id":315,"team_id":null},{"id":204,"type":"user","value":"None","field_id":5,"user_id":316,"team_id":null},{"id":205,"type":"user","value":"Lyc\u00e9e I. Dauphin","field_id":5,"user_id":317,"team_id":null},{"id":206,"type":"user","value":"None","field_id":5,"user_id":318,"team_id":null},{"id":207,"type":"user","value":"HEC","field_id":5,"user_id":319,"team_id":null},{"id":208,"type":"user","value":"Kurukshetra University","field_id":5,"user_id":320,"team_id":null},{"id":209,"type":"user","value":"INPT","field_id":5,"user_id":321,"team_id":null},{"id":210,"type":"user","value":"asd","field_id":5,"user_id":322,"team_id":null},{"id":211,"type":"user","value":"Not","field_id":5,"user_id":323,"team_id":null},{"id":212,"type":"user","value":"Jeevan Deep","field_id":5,"user_id":324,"team_id":null},{"id":213,"type":"user","value":"Iesi","field_id":5,"user_id":325,"team_id":null},{"id":214,"type":"user","value":"qqqqq","field_id":5,"user_id":326,"team_id":null}],"meta":{}}