{"count":35,"results":[{"id":57,"type":"page","location":"d018b0e297170e8d90e073649703b8c9/bg.png","challenge_id":null,"page_id":null},{"id":69,"type":"standard","location":"2ed84b638cf07bd0fcec16cf82debb51/Front_T-shirt.png","challenge_id":null,"page_id":null},{"id":70,"type":"page","location":"f63e6870a366f573375baea559a7377e/delegation.jpg","challenge_id":null,"page_id":null},{"id":76,"type":"page","location":"e61a041eaa6022e6edb0caaeaf0b6bfd/eventbright_bandeau_CTF_3.png","challenge_id":null,"page_id":null},{"id":77,"type":"page","location":"c9c23b7d3d2dee8c70f2f9de6d4365b7/bg.png","challenge_id":null,"page_id":null},{"id":78,"type":"page","location":"3c1d52f11968154e9d9e3aa60f2d56ee/cyberEco.png","challenge_id":null,"page_id":null},{"id":79,"type":"page","location":"997cdd59ece0061a901553da67c3c90b/desjardins.png","challenge_id":null,"page_id":null},{"id":82,"type":"page","location":"693fae3b1961a607e10a1df06ca5bfdf/maltem2.png","challenge_id":null,"page_id":null},{"id":83,"type":"page","location":"56dda2b3a44efa235a168f899ef83568/PolyHx_logo.png","challenge_id":null,"page_id":null},{"id":84,"type":"page","location":"bc76e4988cf83591c6f255836d2c9743/polymtl.png","challenge_id":null,"page_id":null},{"id":87,"type":"page","location":"153571104a2c1c9408aa0264dc36ab0a/yogosha.png","challenge_id":null,"page_id":null},{"id":88,"type":"page","location":"45fbe34bcd58056bfdc17fb5dc7ec8c8/facebook.png","challenge_id":null,"page_id":null},{"id":89,"type":"page","location":"1d6e216063d5b5b9fcc9bea0b18cfd6f/linkedin.png","challenge_id":null,"page_id":null},{"id":90,"type":"page","location":"da9c49cb8ba1af17c065fa2aebfab74c/twitter.png","challenge_id":null,"page_id":null},{"id":91,"type":"page","location":"462988f2d7b5caf578bd029e353ca58f/website.png","challenge_id":null,"page_id":null},{"id":92,"type":"page","location":"67e1833702815604e32743d8b8d1b6ef/linkedin.svg","challenge_id":null,"page_id":null},{"id":94,"type":"page","location":"b53060ba3cea2acb542485b9937d0812/arrowdown.png","challenge_id":null,"page_id":null},{"id":95,"type":"page","location":"56e14878e72cb80b293edea3f8fc619f/Canada-BlackColor.jpg","challenge_id":null,"page_id":null},{"id":96,"type":"page","location":"0eff622c9f12aeaebceac339f63e9ce6/Logo-yogosha-.png","challenge_id":null,"page_id":null},{"id":97,"type":"challenge","location":"4156f18b5e60cc00e080e3c3119db49c/converter","challenge_id":79,"page_id":null},{"id":98,"type":"challenge","location":"ab495b80a32ca76149d7797e1b352cc6/minishell","challenge_id":80,"page_id":null},{"id":99,"type":"challenge","location":"626e9687f3dad46b59c5812bd6c46f6d/minishell.c","challenge_id":80,"page_id":null},{"id":101,"type":"challenge","location":"75f72ba3f5b677f8270af2d4493238bb/beware.js","challenge_id":88,"page_id":null},{"id":103,"type":"page","location":"f489578eb63fe32ce3d0efb337a88469/maltem_ca.png","challenge_id":null,"page_id":null},{"id":105,"type":"challenge","location":"b96be546188ad9ad8efc13c0268fa4d2/qr.png","challenge_id":96,"page_id":null},{"id":107,"type":"challenge","location":"fd7f65d41df18447fb7e1bd2e54c5a17/Anmerkungen-zur-Transkription.rtf","challenge_id":98,"page_id":null},{"id":108,"type":"challenge","location":"5878dacadfaef1c369138cef7bf65cf0/Hexysixtymany.rtf","challenge_id":103,"page_id":null},{"id":109,"type":"challenge","location":"dde194c5ed1032efd364bfe0a05a7d89/Code_debug_output.rtf","challenge_id":104,"page_id":null},{"id":111,"type":"challenge","location":"84da523e23bcc866879c4cc0dc12673f/hns","challenge_id":93,"page_id":null},{"id":112,"type":"challenge","location":"d9c6fc48467445592146bf9e6d32b494/apotek.tar.xz","challenge_id":84,"page_id":null},{"id":114,"type":"challenge","location":"0d3fea46ed3b10d8c59952dc821cd2af/walrus.pcapng","challenge_id":112,"page_id":null},{"id":115,"type":"challenge","location":"490ba79243a67f03b8f5578dd58403dc/sslkeylogfile","challenge_id":112,"page_id":null},{"id":116,"type":"challenge","location":"bd7ba52b58ef8d66dec22f80cccb7ae4/main.py","challenge_id":78,"page_id":null},{"id":117,"type":"challenge","location":"ca1cb775a04798f3fbbd7ec5958a194e/admin_panel","challenge_id":81,"page_id":null},{"id":118,"type":"challenge","location":"8e9b7ff29922c0a81abf748c75845b25/libc.so.6","challenge_id":79,"page_id":null}],"meta":{}}