{"count":38,"results":[{"id":80,"challenge_id":76,"type":"static","content":"FLAG-{quick maths, that's pretty good :)_ahGaiR3g}","data":""},{"id":81,"challenge_id":75,"type":"static","content":"FLAG-{ch3ss-W1Ll-rUn-Th3-W0rld}","data":""},{"id":82,"challenge_id":77,"type":"static","content":"FLAG-{I_Jus7_L34rNed_G0Lan6}","data":""},{"id":83,"challenge_id":78,"type":"static","content":"FLAG-{Th3r3_15_n0_5ecret_1ngred1en7_1t5_ju5t_Y0u}","data":""},{"id":84,"challenge_id":79,"type":"static","content":"flag{f0rm47_57r1n65_4r3_0v3rp0w3r3d}","data":""},{"id":85,"challenge_id":80,"type":"static","content":"flag{7h15_w45_n07_4_600d_1d34}","data":""},{"id":86,"challenge_id":81,"type":"static","content":"FLAG-{73b764d1b22df560c4933ad07ffdfc89}","data":""},{"id":88,"challenge_id":84,"type":"static","content":"FLAG-{4ee75954f8c1057a9310d19a3bb1a5e6}","data":""},{"id":89,"challenge_id":85,"type":"static","content":"flag-{R3quest_smu66l1ng_1S_h3r3_t0_st4y}","data":""},{"id":90,"challenge_id":87,"type":"static","content":"FLAG-{dorimene!}","data":""},{"id":91,"challenge_id":88,"type":"static","content":"FLAG-{I_c0uld_h4v3_b33n_4_M4l1c10us_Scr1pt}","data":"case_insensitive"},{"id":92,"challenge_id":89,"type":"static","content":"FLAG-{cooperation}","data":""},{"id":93,"challenge_id":90,"type":"static","content":"FLAG-{sixdecembremileneufcent}","data":""},{"id":94,"challenge_id":91,"type":"static","content":"FLAG-{4f5feb845589394f668a1d7d09cbea95f28852a1}","data":""},{"id":95,"challenge_id":92,"type":"static","content":"FLAG-{rules_are_important!}","data":""},{"id":96,"challenge_id":93,"type":"static","content":"FLAG-{D0_y0u_sP34K_4sS3mbly}","data":""},{"id":97,"challenge_id":96,"type":"static","content":"flag-{Ah!_ c0mme_la_ne1ge@neig\u00e9!}","data":""},{"id":99,"challenge_id":98,"type":"static","content":"flag-{L30nard_de_V1nc1_number01of05}","data":""},{"id":100,"challenge_id":99,"type":"static","content":"flag-{L30nard_de_V1nc1_betrachtet}","data":""},{"id":101,"challenge_id":100,"type":"static","content":"flag-{L30nard_de_V1nc1_number038246302}","data":""},{"id":102,"challenge_id":101,"type":"static","content":"flag-{L30nard_de_V1nc1_number0498765BA}","data":""},{"id":103,"challenge_id":102,"type":"static","content":"flag-{L30nard_de_V1nc1_number_VUZMOT}","data":""},{"id":104,"challenge_id":103,"type":"static","content":"flag-{th1s_0n3_1s_a_b1t_hard3r}","data":""},{"id":105,"challenge_id":104,"type":"static","content":"flag-{th1s_1s_th3_Hex_in_the_forest}","data":""},{"id":108,"challenge_id":94,"type":"static","content":"FLAG-{ChaineNonChiffree}","data":""},{"id":109,"challenge_id":107,"type":"static","content":"FLAG-{W3_L0V3_0UR_P4RTN3RS_V3RY_V3RY_MUCH}","data":""},{"id":110,"challenge_id":106,"type":"static","content":"FLAG-{GrosChiffrement}","data":""},{"id":111,"challenge_id":95,"type":"static","content":"FLAG-{FaitAttentionATonNas}","data":""},{"id":112,"challenge_id":112,"type":"static","content":"FLAG-{@NC1ENT-L@NGU@G3!!!}","data":"case_insensitive"},{"id":113,"challenge_id":112,"type":"static","content":"@NC1ENT-L@NGU@G3!!!","data":""},{"id":114,"challenge_id":109,"type":"static","content":"FLAG-{R34dy_f0r_tH3_C4nad14n_tR4v3lL3r_Pr0Bl3m}","data":""},{"id":115,"challenge_id":110,"type":"static","content":"FLAG-{T3mp0r4_m0r1_t3Mp0r4_muNd15_R3c0rD4}","data":""},{"id":116,"challenge_id":111,"type":"static","content":"FLAG-{TH3_B35T_PR0GR4MM1NG_L4NGU4G3_EV3R_M4D3}","data":""},{"id":119,"challenge_id":114,"type":"static","content":"flag{you_get_a_free_flag}","data":"case_insensitive"},{"id":120,"challenge_id":118,"type":"static","content":"flag{easy_but_deadly_lfi}","data":"case_insensitive"},{"id":121,"challenge_id":119,"type":"static","content":"flag{want_ya_for_illuminati_army}","data":"case_insensitive"},{"id":122,"challenge_id":108,"type":"static","content":"FLAG-{i3nt_mUtation_X55_1nt3resting}","data":""},{"id":123,"challenge_id":91,"type":"static","content":"FLAG={4f5feb845589394f668a1d7d09cbea95f28852a1}","data":""}],"meta":{}}