{"count":4,"results":[{"id":1,"title":"Workshops","content":"HELLO HACKERS, THIS IS JUDGE DOOM SPEAKING. I WILL FREEZE THIS CTF IN 3 MINUTES MUAHAHAHAHA.\r\n\r\nP.S.: Please go watch my friend's workshop here:\r\n\r\nhttps://polymtl.webex.com/polymtl/j.php?MTID=m05a785d1b4892495353b4e49fb8813d6","date":"2021-02-20T17:28:21","user_id":null,"team_id":null},{"id":2,"title":"Go","content":"As a wise man once said: It's go time!\r\n\r\nWe aren't stopping until noon tomorrow!","date":"2021-02-20T18:30:07","user_id":null,"team_id":null},{"id":3,"title":"Host down","content":"The instance (3.128.92.144) that is hosting the challenges Apotek, Upgrade and Formula is temporarily unavailable. We're working on a fix.","date":"2021-02-21T12:47:15","user_id":null,"team_id":null},{"id":4,"title":"Apotek, Upgrade & Formula Resuscitated","content":"Apotek, Upgrade & Formula Resuscitated. Sorry for the long wait!","date":"2021-02-21T15:09:04","user_id":null,"team_id":null}],"meta":{}}