{"count":4,"results":[{"id":1,"title":"None","route":"index","content":"<div id=\"home\">\n</div>","draft":0,"hidden":0,"auth_required":0,"format":null},{"id":8,"title":"Partenaires","route":"partenaires","content":"<div class=\"header-partners\">\r\n\t<h1>Nos partenaires</h1>\r\n</div>\r\n\r\n<div class=\"sponsors-bg-container\">\r\n        <div class=\"sponsors-main-container\">\r\n                <div id=\"accordion\">\r\n                  \t<!-- CyberEco -->\r\n                    <div class=\"panel\">\r\n                        <div class=\"panel-heading\">\r\n                        \t<img id=\"sponsors-logo-row1\" src=\"/files/3c1d52f11968154e9d9e3aa60f2d56ee/cyberEco.png\">\r\n                        </div>\r\n                        <div id=\"collapseOne2\" class=\"panel-collapse collapse\">\r\n                            Par la mise en commun de ressources sp\u00e9cialis\u00e9es, Cybereco se propose de faire du Qu\u00e9bec un collectif de talent \r\n                            et d\u2019expertise en cybers\u00e9curit\u00e9 de calibre mondial. Travaillant sur des solutions concr\u00e8tes destin\u00e9es \u00e0 ce domaine \r\n                            en forte croissance, Cybereco favorise le partage de connaissances et la formation de la rel\u00e8ve, mais aussi la \r\n                            sensibilisation et la pr\u00e9vention, en plus d\u2019offrir des produits et services sp\u00e9cialis\u00e9s en cybers\u00e9curit\u00e9.\r\n                            FLAG-{\r\n                            <br><br>\r\n                            <p>Pour en savoir plus sur CyberEco :</p>\r\n                            <div class=\"contact-container\">\r\n                                <a href=\"https://cybereco.ca/\" target=\"_blank\"><img src=\"/files/462988f2d7b5caf578bd029e353ca58f/website.png\" class=\"contact-logo\"/></a>\r\n                                <a href=\"https://www.facebook.com/cybereco.ca/\" target=\"_blank\"><img src=\"/files/45fbe34bcd58056bfdc17fb5dc7ec8c8/facebook.png\" class=\"contact-logo\"/></a>\r\n                                <a href=\"https://www.linkedin.com/company/cybereco/\" target=\"_blank\"><img src=\"/files/1d6e216063d5b5b9fcc9bea0b18cfd6f/linkedin.png\" class=\"contact-logo\"/></a>\r\n                    \t\t</div> \r\n                 \t\t</div>\r\n                        <a data-toggle=\"collapse\" data-target=\"#collapseOne2\">\r\n                        \t<img id=\"arrow-down0\" src=\"/files/b53060ba3cea2acb542485b9937d0812/arrowdown.png\" onclick=\"spinImage('arrow-down0')\">\r\n                        </a>\r\n                 \t</div>\r\n                  \t<!-- Desjardins -->\r\n                    <div class=\"panel\">\r\n                        <div class=\"panel-heading\">\r\n                        \t<img id=\"sponsors-logo-row1\" src=\"/files/997cdd59ece0061a901553da67c3c90b/desjardins.png\">\r\n                        </div>\r\n                        <div id=\"collapseTwo2\" class=\"panel-collapse collapse\">\r\n                            Le Mouvement des caisses Desjardins est le plus grand groupe financier coop\u00e9ratif au Canada. \r\n                            Il regroupe un r\u00e9seau de caisses, de centres Desjardins Entreprises et de centres Service Signature, \r\n                            de m\u00eame qu'une vingtaine de composantes, notamment en assurance de personnes et de dommages, \r\n                            en valeurs mobili\u00e8res, en capital de risque et en gestion d'actifs. W3_L0V3_\r\n                            <br><br>\r\n                            Desjardins recrute r\u00e9guli\u00e8rement pour des emplois et des stages. \r\n                            Pour postuler, visitez <a href=\"https://desjardins.wd10.myworkdayjobs.com/fr-CA/Desjardins/job/Montral/Emplois-en-scurit-de-l-information_R2101649-1\" target=\"_blank\">ce lien</a>.\r\n                            <br><br>\r\n                            <p>Pour en savoir plus sur Desjardins :</p>\r\n                            <div class=\"contact-container\">\r\n                                <a href=\"https://desjardins.com\" target=\"_blank\"><img src=\"/files/462988f2d7b5caf578bd029e353ca58f/website.png\" class=\"contact-logo\"/></a>\r\n                                <a href=\"https://www.facebook.com/desjardins/\" target=\"_blank\"><img src=\"/files/45fbe34bcd58056bfdc17fb5dc7ec8c8/facebook.png\" class=\"contact-logo\"/></a>\r\n                                <a href=\"https://www.linkedin.com/company/desjardins/\" target=\"_blank\"><img src=\"/files/1d6e216063d5b5b9fcc9bea0b18cfd6f/linkedin.png\" class=\"contact-logo\"/></a>\r\n                            </div> \r\n                        </div>\r\n                        <a data-toggle=\"collapse\" data-target=\"#collapseTwo2\">\r\n                        \t<img id=\"arrow-down1\" src=\"/files/b53060ba3cea2acb542485b9937d0812/arrowdown.png\" onclick=\"spinImage('arrow-down1')\">\r\n                        </a>\r\n                    </div>\r\n                </div>\r\n                <br>\r\n                <div class=\"row-spacing\"></div>\r\n                <div id=\"accordion\">\r\n           \t\t\t<!-- Maltem -->\r\n                    <div class=\"panel\">\r\n                        <div class=\"panel-heading\">\r\n                        \t<img id=\"sponsors-logo-row2\" src=\"/files/56e14878e72cb80b293edea3f8fc619f/Canada-BlackColor.jpg\">\r\n                        </div>\r\n                        <div id=\"collapseThree2\" class=\"panel-collapse collapse\">\r\n                            Maltem Canada est install\u00e9 \u00e0 Montr\u00e9al depuis 2018 et conna\u00eet un essor fulgurant avec plus d\u2019une quarantaine de\r\n                            collaborateurs, pr\u00eats \u00e0 accompagner leurs clients dans des d\u00e9fis de transformation num\u00e9rique. S\u2019inscrivant dans\r\n                            une logique d\u2019innovation, Maltem Canada offre des services de consultations technologiques dans plusieurs\r\n                            domaines tels que le d\u00e9veloppement applicatif, l\u2019accompagnement agile, big data, l\u2019exp\u00e9rience utilisateur et la\r\n                            cyber s\u00e9curit\u00e9. 0UR_P4R\r\n                            <br><br>\r\n                            <p>Pour en savoir plus sur Maltem :</p>\r\n                            <div class=\"contact-container\">\r\n                                <a href=\"https://maltem.ca/\" target=\"_blank\"><img src=\"/files/462988f2d7b5caf578bd029e353ca58f/website.png\" class=\"contact-logo\"/></a>\r\n                                <a href=\"https://www.facebook.com/MaltemConsulting/\" target=\"_blank\"><img src=\"/files/45fbe34bcd58056bfdc17fb5dc7ec8c8/facebook.png\" class=\"contact-logo\"/></a>\r\n                                <a href=\"https://www.linkedin.com/company/maltemcanada/\" target=\"_blank\"><img src=\"/files/1d6e216063d5b5b9fcc9bea0b18cfd6f/linkedin.png\" class=\"contact-logo\"/></a>\r\n                            </div> \r\n                        </div>\r\n                      \t<a data-toggle=\"collapse\" data-target=\"#collapseThree2\">\r\n                        \t<img id=\"arrow-down2\" src=\"/files/b53060ba3cea2acb542485b9937d0812/arrowdown.png\" onclick=\"spinImage('arrow-down2')\">\r\n                        </a>\r\n                    </div>\r\n                  \t<!-- Polytechnique Montreal -->\r\n                    <div class=\"panel\">\r\n                        <div class=\"panel-heading\">\r\n\t\t\t\t\t\t\t<img id=\"sponsors-logo-row2\" src=\"/files/bc76e4988cf83591c6f255836d2c9743/polymtl.png\">\r\n                        </div>\r\n                        <div id=\"collapseFour2\" class=\"panel-collapse collapse\">\r\n                            Fond\u00e9e en 1873, Polytechnique Montr\u00e9al, universit\u00e9 d'ing\u00e9nierie, est l\u2019une des plus\r\n                            importantes universit\u00e9s d\u2019enseignement et de recherche en g\u00e9nie au Canada. Polytechnique Montr\u00e9al est situ\u00e9e\r\n                            sur le campus de l\u2019Universit\u00e9 de Montr\u00e9al, le plus grand complexe universitaire francophone en Am\u00e9rique. Avec\r\n                            plus de 52 500 dipl\u00f4m\u00e9s, Polytechnique a form\u00e9 22 % des ing\u00e9nieurs en exercice membres de l\u2019Ordre des\r\n                            ing\u00e9nieurs du Qu\u00e9bec (OIQ). Elle propose plus de 120 programmes de formation. Polytechnique compte 285\r\n                            professeurs et plus de 9 000 \u00e9tudiantes et \u00e9tudiants. Son budget annuel global s\u2019\u00e9l\u00e8ve \u00e0 255 millions de dollars,\r\n                            incluant un budget de recherche de pr\u00e8s de 100 millions de dollars. TN3RS_\r\n                            <br><br>\r\n                            <p>Pour en savoir plus sur Polytechnique Montr\u00e9al :</p>\r\n                            <div class=\"contact-container\">\r\n                                <a href=\"https://polymtl.ca/\" target=\"_blank\"><img src=\"/files/462988f2d7b5caf578bd029e353ca58f/website.png\" class=\"contact-logo\"/></a>\r\n                                <a href=\"https://www.facebook.com/polymtl\" target=\"_blank\"><img src=\"/files/45fbe34bcd58056bfdc17fb5dc7ec8c8/facebook.png\" class=\"contact-logo\"/></a>\r\n                                <a href=\"https://www.linkedin.com/school/polytechnique-montreal/\" target=\"_blank\"><img src=\"/files/1d6e216063d5b5b9fcc9bea0b18cfd6f/linkedin.png\" class=\"contact-logo\"/></a>\r\n                            </div> \r\n                        </div>\r\n                      \t<a data-toggle=\"collapse\" data-target=\"#collapseFour2\">\r\n                        \t<img id=\"arrow-down3\" src=\"/files/b53060ba3cea2acb542485b9937d0812/arrowdown.png\" onclick=\"spinImage('arrow-down3')\">\r\n                        </a>\r\n                    </div>\r\n                </div>\r\n                <br>\r\n                <div class=\"row-spacing\"></div>\r\n                <div id=\"accordion\">\r\n                 \t<!-- PolyHx -->\r\n                    <div class=\"panel\">\r\n                        <div class=\"panel-heading\">\r\n                        \t<img id=\"sponsors-logo-row3\" src=\"/files/56dda2b3a44efa235a168f899ef83568/PolyHx_logo.png\">\r\n                        </div>\r\n                        <div id=\"collapseFive2\" class=\"panel-collapse collapse\">\r\n                            PolyHx est un rassemblement de divers comit\u00e9s informatiques de\r\n                            Polytechnique Montr\u00e9al, cr\u00e9\u00e9 dans le but de faciliter l\u2019implication\r\n                            technique dans le domaine. Le comit\u00e9 est vou\u00e9 au d\u00e9veloppement de\r\n                            syst\u00e8mes informatiques et logiciels et \u00e0 la promotion de diff\u00e9rentes\r\n                            pratiques par le biais de comp\u00e9titions. De plus, la soci\u00e9t\u00e9 technique\r\n                            s\u2019investit dans les sph\u00e8res de l\u2019intelligence artificielle et de la\r\n                            s\u00e9curit\u00e9 informatique. D\u2019ailleurs, le comit\u00e9 organise des ateliers,\r\n                            des conf\u00e9rences et diff\u00e9rents \u00e9v\u00e9nements en plus de participer \u00e0\r\n                            plusieurs comp\u00e9titions tout au long de l\u2019ann\u00e9e. V3RY_V3\r\n                            <br><br>\r\n                            <p>Pour en savoir plus sur PolyHx :</p>\r\n                            <div class=\"contact-container\">\r\n                                <a href=\"https://polyhx.io\" target=\"_blank\"><img src=\"/files/462988f2d7b5caf578bd029e353ca58f/website.png\" class=\"contact-logo\"/></a>\r\n                                <a href=\"https://www.facebook.com/PolyHx\" target=\"_blank\"><img src=\"/files/45fbe34bcd58056bfdc17fb5dc7ec8c8/facebook.png\" class=\"contact-logo\"/></a>\r\n                                <a href=\"https://www.linkedin.com/company/polyhxio/\" target=\"_blank\"><img src=\"/files/1d6e216063d5b5b9fcc9bea0b18cfd6f/linkedin.png\" class=\"contact-logo\"/></a>\r\n                            </div> \r\n                        </div>\r\n                      \t<a data-toggle=\"collapse\" data-target=\"#collapseFive2\">\r\n                        \t<img id=\"arrow-down4\" src=\"/files/b53060ba3cea2acb542485b9937d0812/arrowdown.png\" onclick=\"spinImage('arrow-down4')\">\r\n                        </a>\r\n                    </div>\r\n                  \t<!-- Yogosha -->\r\n                    <div class=\"panel\">\r\n                        <div class=\"panel-heading\">\r\n                        \t<img id=\"sponsors-logo-row3\" src=\"/files/153571104a2c1c9408aa0264dc36ab0a/yogosha.png\">  \r\n                        </div>\r\n                        <div id=\"collapseSix2\" class=\"panel-collapse collapse\">\r\n                            Yogosha (partenaire BUG BOUNTY de Maltem Canada) est une plateforme de cybers\u00e9curit\u00e9 pour les RSSIs\r\n                            souhaitant mieux s\u00e9curiser leurs applications en allant au-del\u00e0 des approches traditionnelles. La plateforme\r\n                            repose sur une communaut\u00e9 de hackers d\u2019\u00e9lite certifi\u00e9s pour la d\u00e9tection et la gestion des vuln\u00e9rabilit\u00e9s, en\r\n                            proposant des services de Bug Bounty, Pentests crowdsourc\u00e9s et CVD. Yogosha ne s\u00e9lectionne que les hackers les\r\n                            plus talentueux afin de s\u2019assurer que les vuln\u00e9rabilit\u00e9s les plus critiques sont identifi\u00e9es rapidement et plus\r\n                            facilement corrig\u00e9es. Yogosha permet \u00e0 ses clients de d\u00e9velopper des applications \u00e0 l\u2019\u00e9preuve des attaques, de\r\n                            r\u00e9duire les risques, d\u2019augmenter la compliance et d\u2019acc\u00e9l\u00e9rer le business. RY_MUCH}\r\n                            <br><br>\r\n                            <p>Pour en savoir plus sur Yogosha :</p>\r\n                            <div class=\"contact-container\">\r\n                                <a href=\"https://yogosha.com/\" target=\"_blank\"><img src=\"/files/462988f2d7b5caf578bd029e353ca58f/website.png\" class=\"contact-logo\"/></a>\r\n                                <a href=\"https://twitter.com/yogoshaofficial?lang=fr\" target=\"_blank\"><img src=\"/files/da9c49cb8ba1af17c065fa2aebfab74c/twitter.png\" class=\"contact-logo\"/></a>\r\n                                <a href=\"https://www.linkedin.com/company/yogosha/\" target=\"_blank\"><img src=\"/files/1d6e216063d5b5b9fcc9bea0b18cfd6f/linkedin.png\" class=\"contact-logo\"/></a>\r\n                            </div> \r\n                        </div>\r\n                        \t<a data-toggle=\"collapse\" data-target=\"#collapseSix2\">\r\n                            \t<img id=\"arrow-down5\" src=\"/files/b53060ba3cea2acb542485b9937d0812/arrowdown.png\" onclick=\"spinImage('arrow-down5')\">\r\n                        \t</a>\r\n                    </div>\r\n                </div>\r\n            <br>\r\n        </div>\r\n    </div>","draft":0,"hidden":0,"auth_required":0,"format":null},{"id":9,"title":"test","route":"test","content":"<div class=\"header-partners\">\r\n\t<h1>Nos partenaires</h1>\r\n</div>\r\n\r\n<div class=\"sponsors-bg-container\">\r\n        <div class=\"sponsors-main-container\">\r\n                <div id=\"accordion\">\r\n                  \t<!-- CyberEco -->\r\n                    <div class=\"panel\">\r\n                        <div class=\"panel-heading\">\r\n                                <a data-toggle=\"collapse\" data-target=\"#collapseOne2\"> <img id=\"sponsors-logo-row1\" src=\"/files/3c1d52f11968154e9d9e3aa60f2d56ee/cyberEco.png\"> </a>\r\n                        </div>\r\n                        <div id=\"collapseOne2\" class=\"panel-collapse\">\r\n                             Par la mise en commun de ressources sp\u00e9cialis\u00e9es, Cybereco se propose de faire du Qu\u00e9bec un collectif de talent et d\u2019expertise en cybers\u00e9curit\u00e9 de calibre mondial. Travaillant sur des solutions concr\u00e8tes\r\ndestin\u00e9es \u00e0 ce domaine en forte croissance, Cybereco favorise le partage de connaissances et la formation de la\r\nrel\u00e8ve, mais aussi la sensibilisation et la pr\u00e9vention, en plus d\u2019offrir des produits et services sp\u00e9cialis\u00e9s en\r\ncybers\u00e9curit\u00e9.\r\n                            <br><br>\r\n                            <p>Pour en savoir plus sur CyberEco :</p>\r\n                            <div class=\"contact-container\">\r\n                                <a href=\"https://cybereco.ca/\" target=\"_blank\"><img src=\"/files/462988f2d7b5caf578bd029e353ca58f/website.png\" class=\"contact-logo\"/></a>\r\n                                <a href=\"https://www.facebook.com/cybereco.ca/\" target=\"_blank\"><img src=\"/files/45fbe34bcd58056bfdc17fb5dc7ec8c8/facebook.png\" class=\"contact-logo\"/></a>\r\n                                <a href=\"https://www.linkedin.com/company/cybereco/\" target=\"_blank\"><img src=\"/files/1d6e216063d5b5b9fcc9bea0b18cfd6f/linkedin.png\" class=\"contact-logo\"/></a>\r\n                    \t\t</div> \r\n                 \t\t</div>\r\n                 \t</div>\r\n                  \t<!-- Desjardins -->\r\n                    <div class=\"panel\">\r\n                        <div class=\"panel-heading\">\r\n                                <a data-toggle=\"collapse\" data-target=\"#collapseTwo2\"><img id=\"sponsors-logo-row1\" src=\"/files/997cdd59ece0061a901553da67c3c90b/desjardins.png\"></a>\r\n                        </div>\r\n                        <div id=\"collapseTwo2\" class=\"panel-collapse\">\r\n                            Le Mouvement des caisses Desjardins est le plus grand groupe financier coop\u00e9ratif au Canada. Il regroupe un r\u00e9seau de caisses, de centres Desjardins Entreprises et de centres Service Signature, de m\u00eame qu'une vingtaine de composantes, notamment en assurance de personnes et de dommages, en valeurs mobili\u00e8res, en capital de risque et en gestion d'actifs. \r\n                          <br><br>\r\nDesjardins recrute r\u00e9guli\u00e8rement pour des emplois et des stages. \r\nPour postuler, visitez <a href=\"https://desjardins.wd10.myworkdayjobs.com/fr-CA/Desjardins/job/Montral/Emplois-en-scurit-de-l-information_R2101649-1\" target=\"_blank\">https://desjardins.wd10.myworkdayjobs.com/fr-CA/Desjardins/job/Montral/Emplois-en-scurit-de-l-information_R2101649-1</a>\r\n                            <br><br>\r\n                            <p>Pour en savoir plus sur Desjardins :</p>\r\n                            <div class=\"contact-container\">\r\n                                <a href=\"https://desjardins.com\" target=\"_blank\"><img src=\"/files/462988f2d7b5caf578bd029e353ca58f/website.png\" class=\"contact-logo\"/></a>\r\n                                <a href=\"https://www.facebook.com/desjardins/\" target=\"_blank\"><img src=\"/files/45fbe34bcd58056bfdc17fb5dc7ec8c8/facebook.png\" class=\"contact-logo\"/></a>\r\n                                <a href=\"https://www.linkedin.com/company/desjardins/\" target=\"_blank\"><img src=\"/files/1d6e216063d5b5b9fcc9bea0b18cfd6f/linkedin.png\" class=\"contact-logo\"/></a>\r\n                            </div> \r\n                        </div>\r\n                    </div>\r\n                </div>\r\n                <br>\r\n                <div class=\"row-spacing\"></div>\r\n                <div id=\"accordion\">\r\n           \t\t\t<!-- Maltem -->\r\n                    <div class=\"panel\">\r\n                        <div class=\"panel-heading\">\r\n                                <a data-toggle=\"collapse\" data-target=\"#collapseThree2\"> <img id=\"sponsors-logo-row2\" src=\"/files/56e14878e72cb80b293edea3f8fc619f/Canada-BlackColor.jpg\"> </a>\r\n                        </div>\r\n                        <div id=\"collapseThree2\" class=\"panel-collapse\">\r\n                            Maltem Canada est install\u00e9 \u00e0 Montr\u00e9al depuis 2018 et conna\u00eet un essor fulgurant avec plus d\u2019une quarantaine de\r\ncollaborateurs, pr\u00eats \u00e0 accompagner leurs clients dans des d\u00e9fis de transformation num\u00e9rique. S\u2019inscrivant dans\r\nune logique d\u2019innovation, Maltem Canada offre des services de consultations technologiques dans plusieurs\r\ndomaines tels que le d\u00e9veloppement applicatif, l\u2019accompagnement agile, big data, l\u2019exp\u00e9rience utilisateur et la\r\ncyber s\u00e9curit\u00e9.\r\n                            <br><br>\r\n                            <p>Pour en savoir plus sur Maltem :</p>\r\n                            <div class=\"contact-container\">\r\n                                <a href=\"https://maltem.ca/\" target=\"_blank\"><img src=\"/files/462988f2d7b5caf578bd029e353ca58f/website.png\" class=\"contact-logo\"/></a>\r\n                                <a href=\"https://www.facebook.com/MaltemConsulting/\" target=\"_blank\"><img src=\"/files/45fbe34bcd58056bfdc17fb5dc7ec8c8/facebook.png\" class=\"contact-logo\"/></a>\r\n                                <a href=\"https://www.linkedin.com/company/maltemcanada/\" target=\"_blank\"><img src=\"/files/1d6e216063d5b5b9fcc9bea0b18cfd6f/linkedin.png\" class=\"contact-logo\"/></a>\r\n                            </div> \r\n                        </div>\r\n                    </div>\r\n                  \t<!-- Polytechnique Montreal -->\r\n                    <div class=\"panel\">\r\n                        <div class=\"panel-heading\">\r\n                                <a data-toggle=\"collapse\" data-target=\"#collapseFour2\"> <img id=\"sponsors-logo-row2\" src=\"/files/bc76e4988cf83591c6f255836d2c9743/polymtl.png\"> </a>\r\n                        </div>\r\n                        <div id=\"collapseFour2\" class=\"panel-collapse\">\r\n                            Fond\u00e9e en 1873, Polytechnique Montr\u00e9al, universit\u00e9 d'ing\u00e9nierie, est l\u2019une des plus\r\nimportantes universit\u00e9s d\u2019enseignement et de recherche en g\u00e9nie au Canada. Polytechnique Montr\u00e9al est situ\u00e9e\r\nsur le campus de l\u2019Universit\u00e9 de Montr\u00e9al, le plus grand complexe universitaire francophone en Am\u00e9rique. Avec\r\nplus de 52 500 dipl\u00f4m\u00e9s, Polytechnique a form\u00e9 22 % des ing\u00e9nieurs en exercice membres de l\u2019Ordre des\r\ning\u00e9nieurs du Qu\u00e9bec (OIQ). Elle propose plus de 120 programmes de formation. Polytechnique compte 285\r\nprofesseurs et plus de 9 000 \u00e9tudiantes et \u00e9tudiants. Son budget annuel global s\u2019\u00e9l\u00e8ve \u00e0 255 millions de dollars,\r\nincluant un budget de recherche de pr\u00e8s de 100 millions de dollars.\r\n                            <br><br>\r\n                            <p>Pour en savoir plus sur Polytechnique Montr\u00e9al :</p>\r\n                            <div class=\"contact-container\">\r\n                                <a href=\"https://polymtl.ca/\" target=\"_blank\"><img src=\"/files/462988f2d7b5caf578bd029e353ca58f/website.png\" class=\"contact-logo\"/></a>\r\n                                <a href=\"https://www.facebook.com/polymtl\" target=\"_blank\"><img src=\"/files/45fbe34bcd58056bfdc17fb5dc7ec8c8/facebook.png\" class=\"contact-logo\"/></a>\r\n                                <a href=\"https://www.linkedin.com/school/polytechnique-montreal/\" target=\"_blank\"><img src=\"/files/1d6e216063d5b5b9fcc9bea0b18cfd6f/linkedin.png\" class=\"contact-logo\"/></a>\r\n                            </div> \r\n                        </div>\r\n                    </div>\r\n                </div>\r\n                <br>\r\n                <div class=\"row-spacing\"></div>\r\n                <div id=\"accordion\">\r\n                 \t<!-- PolyHx -->\r\n                    <div class=\"panel\">\r\n                        <div class=\"panel-heading\">\r\n                            <a data-toggle=\"collapse\" data-target=\"#collapseFive2\">\r\n                                <img id=\"sponsors-logo-row3\" src=\"/files/56dda2b3a44efa235a168f899ef83568/PolyHx_logo.png\">\r\n                            </a>\r\n                        </div>\r\n                        <div id=\"collapseFive2\" class=\"panel-collapse\">\r\n                            PolyHx est un rassemblement de divers comit\u00e9s informatiques de\r\n                            Polytechnique Montr\u00e9al, cr\u00e9\u00e9 dans le but de faciliter l\u2019implication\r\n                            technique dans le domaine. Le comit\u00e9 est vou\u00e9 au d\u00e9veloppement de\r\n                            syst\u00e8mes informatiques et logiciels et \u00e0 la promotion de diff\u00e9rentes\r\n                            pratiques par le biais de comp\u00e9titions. De plus, la soci\u00e9t\u00e9 technique\r\n                            s\u2019investit dans les sph\u00e8res de l\u2019intelligence artificielle et de la\r\n                            s\u00e9curit\u00e9 informatique. D\u2019ailleurs, le comit\u00e9 organise des ateliers,\r\n                            des conf\u00e9rences et diff\u00e9rents \u00e9v\u00e9nements en plus de participer \u00e0\r\n                            plusieurs comp\u00e9titions tout au long de l\u2019ann\u00e9e.\r\n                            <br><br>\r\n                            <p>Pour en savoir plus sur PolyHx :</p>\r\n                            <div class=\"contact-container\">\r\n                                <a href=\"https://polyhx.io\" target=\"_blank\"><img src=\"/files/462988f2d7b5caf578bd029e353ca58f/website.png\" class=\"contact-logo\"/></a>\r\n                                <a href=\"https://www.facebook.com/PolyHx\" target=\"_blank\"><img src=\"/files/45fbe34bcd58056bfdc17fb5dc7ec8c8/facebook.png\" class=\"contact-logo\"/></a>\r\n                                <a href=\"https://www.linkedin.com/company/polyhxio/\" target=\"_blank\"><img src=\"/files/1d6e216063d5b5b9fcc9bea0b18cfd6f/linkedin.png\" class=\"contact-logo\"/></a>\r\n                            </div> \r\n                        </div>\r\n                    </div>\r\n                  \t<!-- Yogosha -->\r\n                    <div class=\"panel\">\r\n                        <div class=\"panel-heading\">\r\n                                <a class=\"collapsed\" data-toggle=\"collapse\" data-target=\"#collapseSix2\" data-parent=\"#accordion\">\r\n                                    <img id=\"sponsors-logo-row3\" src=\"/files/0eff622c9f12aeaebceac339f63e9ce6/Logo-yogosha-.png\">\r\n                                </a>  \r\n                        </div>\r\n                        <div id=\"collapseSix2\" class=\"panel-collapse\">\r\n                           Yogosha (partenaire BUG BOUNTY de Maltem Canada) est une plateforme de cybers\u00e9curit\u00e9 pour les RSSIs\r\nsouhaitant mieux s\u00e9curiser leurs applications en allant au-del\u00e0 des approches traditionnelles. La plateforme\r\nrepose sur une communaut\u00e9 de hackers d\u2019\u00e9lite certifi\u00e9s pour la d\u00e9tection et la gestion des vuln\u00e9rabilit\u00e9s, en\r\nproposant des services de Bug Bounty, Pentests crowdsourc\u00e9s et CVD. Yogosha ne s\u00e9lectionne que les hackers les\r\nplus talentueux afin de s\u2019assurer que les vuln\u00e9rabilit\u00e9s les plus critiques sont identifi\u00e9es rapidement et plus\r\nfacilement corrig\u00e9es. Yogosha permet \u00e0 ses clients de d\u00e9velopper des applications \u00e0 l\u2019\u00e9preuve des attaques, de\r\nr\u00e9duire les risques, d\u2019augmenter la compliance et d\u2019acc\u00e9l\u00e9rer le business.\r\n                            <br><br>\r\n                            <p>Pour en savoir plus sur Yogosha :</p>\r\n                            <div class=\"contact-container\">\r\n                                <a href=\"https://yogosha.com/\" target=\"_blank\"><img src=\"/files/462988f2d7b5caf578bd029e353ca58f/website.png\" class=\"contact-logo\"/></a>\r\n                                <a href=\"https://twitter.com/yogoshaofficial?lang=fr\" target=\"_blank\"><img src=\"/files/da9c49cb8ba1af17c065fa2aebfab74c/twitter.png\" class=\"contact-logo\"/></a>\r\n                                <a href=\"https://www.linkedin.com/company/yogosha/\" target=\"_blank\"><img src=\"/files/1d6e216063d5b5b9fcc9bea0b18cfd6f/linkedin.png\" class=\"contact-logo\"/></a>\r\n                            </div> \r\n                        </div>\r\n                    </div>\r\n                </div>\r\n            <br>\r\n        </div>\r\n    </div>\r\n","draft":1,"hidden":0,"auth_required":0,"format":null},{"id":10,"title":"Rules","route":"rules","content":"<h1>Fran\u00e7ais</h1>\r\n<ol>\r\n  <li>\r\n    Les comptes sont individuels et ne doivent pas \u00eatre partag\u00e9s.\r\n  </li>\r\n  <li>\r\n    Un flag peut prendre plusieurs formes, mais il sera toujours facilement identifiable par un pr\u00e9fixe du genre : flag{}, FLAG-{}. Il est important de bien soumettre l'enti\u00e8ret\u00e9 du flag, incluant le pr\u00e9fixe et les accolades.\r\n  </li>\r\n  <li>\r\n    Le partage des flags est interdit, de m\u00eame que le partage de solution avant que la comp\u00e9tition ne soit termin\u00e9e.\r\n  </li>\r\n  <li>\r\n    Flag Hoarding, l'accumulation de flags non-soumis est interdit, soumettez les flags d\u00e8s que vous les trouvez.\r\n  </li>\r\n  <li>\r\n    Si vous avez des questions sur un challenge, ou vous pensez avoir trouv\u00e9 un flag valide qui ne se fait pas accepter, contacter les organisateurs sur le channel Discord #help, sans donner de d\u00e9tails pr\u00e9cis. Un organisateur entrera en contact avec vous.\r\n  </li>\r\n  <li>\r\n    Attaquer l'infrastructure est interdit, ainsi que toute tentative d'entraver la comp\u00e9tition. Aucun challenge host\u00e9 sur le web ne n\u00e9cessite du bruteforce, n'essayez pas s'il vous plait.\r\n  </li>\r\n  <li>\r\n    Briser une de ces r\u00e8gles entraine une disqualification imm\u00e9diate et enl\u00e8ve tout acc\u00e8s aux prix de participation.\r\n  </li>\r\n  <li>\r\n    Le syst\u00e8me de pointage est dynamique: Le nombre de point d'un challenge d\u00e9pend du nombre de r\u00e9solutions de celui-ci.\r\n  </li>\r\n  <li>\r\n    Des informations et/ou clarification sur les challenges pourront \u00eatre transmis \u00e0 travers le channel #announcements.\r\n  </li>\r\n  <li>\r\n    La comp\u00e9tition durera exactement 24 heures et se terminera \u00e0 midi le 21 f\u00e9vrier. Le scoreboard sera cach\u00e9 pendant la derni\u00e8re heure.\r\n  </li>\r\n  <li>\r\n    Ces r\u00e8gles pourront \u00eatre chang\u00e9s \u00e0 tout moment avant la comp\u00e9tition.\r\n  </li>\r\n  <li>\r\n    Il reste du pouvoir des administrateurs de suspendre ou disqualifier n'importe quel participant si celui-ci commet une action jug\u00e9e irrespectueuse envers l'\u00e9v\u00e9nement, les administrateurs, les partenaires de l'\u00e9v\u00e9nement ou un autre participant.\r\n  </li>\r\n  <li>\r\n    FLAG-{rules_are_important!}\r\n  </li>\r\n</ol>\r\n\r\n\r\n------------------------------------------------------------------------------------------------------------------------------------------------\r\n\r\n<h1>English</h1>\r\n<ol>\r\n  <li>\r\n    Accounts should be indivual and sharing will not be tolerated.\r\n  </li>\r\n  <li>\r\n    A flag can take multiple forms, but it will always be easily identifiable with a prefix of the sort: flag-{}, FLAG{}, PolyCTF-{}, etc. It is important to submit the entirety of the flag, prefix and curly brackets included.\r\n  </li>\r\n  <li>\r\n    The sharing of flags or hints or answers about challenges in the competition is strictly forbidden before the end of the competition.\r\n  </li>\r\n  <li>\r\n    Flag Hoarding is prohibited, submit found flags as soon as you find them.\r\n  </li>\r\n  <li>\r\n    If you have questions about a challenge, or you think you have found a valid flag but it is not being accepted by the platform, contact the organizers through the #help Discord channel, without giving away any details, we will get in touch with you.\r\n  </li>\r\n  <li>\r\n    DO NOT attack the infrastructure. Any attempt to disrupt the competition will not be tolerated. No web based attack require bruteforce, so please do not try it.\r\n  </li>\r\n  <li>\r\n    Breaking any of the above rules will result in an immediate ban and the loss of any chance at receiving a prize.\r\n  </li>\r\n  <li>\r\n    Our scoring system is dynamic: The number of points a challenge is worth depends on the numbers of solve on the challenge.\r\n  </li>\r\n  <li>\r\n    Information or clarification about challenges or the competition could be broadcasted through the #announcement channel on Discord, be aware!\r\n  </li>\r\n  <li>\r\n    The competition will last exactly 24h, ending on the 21st of February at noon. The scoreboard will be hidden during the last hour.\r\n  </li>\r\n  <li>\r\n    These rules could be changed at any moment before the start of the competition\r\n  </li>\r\n  <li>\r\n    It stays in the power of the organizers to suspend or disqualify any participant if they judge that this participant committed an action judged disrespectful towards the event, the organizers, the partners or another participant.\r\n  </li>\r\n  <li>\r\n    FLAG-{rules_are_important!}\r\n  </li>\r\n</ol>","draft":0,"hidden":0,"auth_required":1,"format":null}],"meta":{}}