{"count":1632,"results":[{"id":1187,"challenge_id":92,"user_id":177,"team_id":null},{"id":1188,"challenge_id":107,"user_id":196,"team_id":null},{"id":1189,"challenge_id":92,"user_id":172,"team_id":null},{"id":1190,"challenge_id":92,"user_id":155,"team_id":null},{"id":1191,"challenge_id":92,"user_id":181,"team_id":null},{"id":1192,"challenge_id":92,"user_id":197,"team_id":null},{"id":1193,"challenge_id":92,"user_id":162,"team_id":null},{"id":1195,"challenge_id":107,"user_id":147,"team_id":null},{"id":1196,"challenge_id":92,"user_id":193,"team_id":null},{"id":1199,"challenge_id":92,"user_id":125,"team_id":null},{"id":1200,"challenge_id":92,"user_id":128,"team_id":null},{"id":1201,"challenge_id":92,"user_id":257,"team_id":null},{"id":1202,"challenge_id":92,"user_id":126,"team_id":null},{"id":1203,"challenge_id":92,"user_id":191,"team_id":null},{"id":1204,"challenge_id":92,"user_id":259,"team_id":null},{"id":1205,"challenge_id":92,"user_id":163,"team_id":null},{"id":1206,"challenge_id":107,"user_id":162,"team_id":null},{"id":1207,"challenge_id":92,"user_id":223,"team_id":null},{"id":1208,"challenge_id":107,"user_id":151,"team_id":null},{"id":1209,"challenge_id":92,"user_id":196,"team_id":null},{"id":1210,"challenge_id":107,"user_id":197,"team_id":null},{"id":1212,"challenge_id":92,"user_id":124,"team_id":null},{"id":1213,"challenge_id":92,"user_id":132,"team_id":null},{"id":1214,"challenge_id":92,"user_id":224,"team_id":null},{"id":1215,"challenge_id":107,"user_id":181,"team_id":null},{"id":1217,"challenge_id":92,"user_id":151,"team_id":null},{"id":1218,"challenge_id":92,"user_id":232,"team_id":null},{"id":1219,"challenge_id":92,"user_id":222,"team_id":null},{"id":1220,"challenge_id":92,"user_id":164,"team_id":null},{"id":1221,"challenge_id":107,"user_id":125,"team_id":null},{"id":1222,"challenge_id":92,"user_id":201,"team_id":null},{"id":1223,"challenge_id":92,"user_id":154,"team_id":null},{"id":1224,"challenge_id":92,"user_id":138,"team_id":null},{"id":1225,"challenge_id":92,"user_id":231,"team_id":null},{"id":1228,"challenge_id":92,"user_id":187,"team_id":null},{"id":1229,"challenge_id":107,"user_id":193,"team_id":null},{"id":1230,"challenge_id":92,"user_id":238,"team_id":null},{"id":1231,"challenge_id":107,"user_id":164,"team_id":null},{"id":1232,"challenge_id":92,"user_id":137,"team_id":null},{"id":1233,"challenge_id":92,"user_id":237,"team_id":null},{"id":1234,"challenge_id":107,"user_id":177,"team_id":null},{"id":1235,"challenge_id":92,"user_id":199,"team_id":null},{"id":1236,"challenge_id":92,"user_id":212,"team_id":null},{"id":1237,"challenge_id":92,"user_id":244,"team_id":null},{"id":1238,"challenge_id":92,"user_id":251,"team_id":null},{"id":1239,"challenge_id":92,"user_id":147,"team_id":null},{"id":1240,"challenge_id":92,"user_id":209,"team_id":null},{"id":1241,"challenge_id":92,"user_id":247,"team_id":null},{"id":1243,"challenge_id":92,"user_id":140,"team_id":null},{"id":1244,"challenge_id":92,"user_id":217,"team_id":null},{"id":1245,"challenge_id":92,"user_id":202,"team_id":null},{"id":1246,"challenge_id":92,"user_id":229,"team_id":null},{"id":1247,"challenge_id":92,"user_id":170,"team_id":null},{"id":1249,"challenge_id":107,"user_id":155,"team_id":null},{"id":1250,"challenge_id":92,"user_id":213,"team_id":null},{"id":1252,"challenge_id":92,"user_id":183,"team_id":null},{"id":1253,"challenge_id":92,"user_id":169,"team_id":null},{"id":1255,"challenge_id":96,"user_id":187,"team_id":null},{"id":1256,"challenge_id":107,"user_id":223,"team_id":null},{"id":1257,"challenge_id":92,"user_id":246,"team_id":null},{"id":1258,"challenge_id":92,"user_id":210,"team_id":null},{"id":1260,"challenge_id":107,"user_id":172,"team_id":null},{"id":1262,"challenge_id":107,"user_id":259,"team_id":null},{"id":1263,"challenge_id":92,"user_id":233,"team_id":null},{"id":1264,"challenge_id":107,"user_id":170,"team_id":null},{"id":1265,"challenge_id":92,"user_id":153,"team_id":null},{"id":1267,"challenge_id":92,"user_id":208,"team_id":null},{"id":1268,"challenge_id":107,"user_id":132,"team_id":null},{"id":1269,"challenge_id":92,"user_id":252,"team_id":null},{"id":1270,"challenge_id":92,"user_id":262,"team_id":null},{"id":1271,"challenge_id":107,"user_id":222,"team_id":null},{"id":1272,"challenge_id":107,"user_id":201,"team_id":null},{"id":1273,"challenge_id":107,"user_id":224,"team_id":null},{"id":1277,"challenge_id":92,"user_id":146,"team_id":null},{"id":1278,"challenge_id":114,"user_id":196,"team_id":null},{"id":1279,"challenge_id":92,"user_id":225,"team_id":null},{"id":1281,"challenge_id":92,"user_id":127,"team_id":null},{"id":1282,"challenge_id":92,"user_id":143,"team_id":null},{"id":1283,"challenge_id":92,"user_id":139,"team_id":null},{"id":1285,"challenge_id":107,"user_id":252,"team_id":null},{"id":1288,"challenge_id":107,"user_id":212,"team_id":null},{"id":1289,"challenge_id":107,"user_id":143,"team_id":null},{"id":1290,"challenge_id":114,"user_id":231,"team_id":null},{"id":1293,"challenge_id":96,"user_id":223,"team_id":null},{"id":1294,"challenge_id":107,"user_id":140,"team_id":null},{"id":1295,"challenge_id":107,"user_id":217,"team_id":null},{"id":1296,"challenge_id":92,"user_id":130,"team_id":null},{"id":1297,"challenge_id":107,"user_id":138,"team_id":null},{"id":1298,"challenge_id":98,"user_id":187,"team_id":null},{"id":1300,"challenge_id":87,"user_id":213,"team_id":null},{"id":1302,"challenge_id":92,"user_id":240,"team_id":null},{"id":1304,"challenge_id":107,"user_id":246,"team_id":null},{"id":1306,"challenge_id":92,"user_id":245,"team_id":null},{"id":1307,"challenge_id":87,"user_id":151,"team_id":null},{"id":1308,"challenge_id":92,"user_id":250,"team_id":null},{"id":1313,"challenge_id":114,"user_id":201,"team_id":null},{"id":1314,"challenge_id":107,"user_id":163,"team_id":null},{"id":1315,"challenge_id":96,"user_id":155,"team_id":null},{"id":1316,"challenge_id":114,"user_id":177,"team_id":null},{"id":1317,"challenge_id":92,"user_id":178,"team_id":null},{"id":1318,"challenge_id":92,"user_id":190,"team_id":null},{"id":1320,"challenge_id":92,"user_id":195,"team_id":null},{"id":1323,"challenge_id":107,"user_id":208,"team_id":null},{"id":1325,"challenge_id":96,"user_id":139,"team_id":null},{"id":1327,"challenge_id":107,"user_id":202,"team_id":null},{"id":1328,"challenge_id":92,"user_id":176,"team_id":null},{"id":1329,"challenge_id":92,"user_id":234,"team_id":null},{"id":1330,"challenge_id":92,"user_id":265,"team_id":null},{"id":1331,"challenge_id":114,"user_id":197,"team_id":null},{"id":1332,"challenge_id":92,"user_id":179,"team_id":null},{"id":1333,"challenge_id":107,"user_id":126,"team_id":null},{"id":1334,"challenge_id":96,"user_id":212,"team_id":null},{"id":1335,"challenge_id":92,"user_id":152,"team_id":null},{"id":1337,"challenge_id":92,"user_id":206,"team_id":null},{"id":1339,"challenge_id":107,"user_id":153,"team_id":null},{"id":1340,"challenge_id":96,"user_id":213,"team_id":null},{"id":1341,"challenge_id":107,"user_id":169,"team_id":null},{"id":1343,"challenge_id":96,"user_id":222,"team_id":null},{"id":1344,"challenge_id":107,"user_id":232,"team_id":null},{"id":1345,"challenge_id":92,"user_id":228,"team_id":null},{"id":1346,"challenge_id":107,"user_id":251,"team_id":null},{"id":1347,"challenge_id":107,"user_id":240,"team_id":null},{"id":1348,"challenge_id":107,"user_id":178,"team_id":null},{"id":1350,"challenge_id":114,"user_id":238,"team_id":null},{"id":1351,"challenge_id":96,"user_id":217,"team_id":null},{"id":1352,"challenge_id":107,"user_id":146,"team_id":null},{"id":1353,"challenge_id":92,"user_id":263,"team_id":null},{"id":1355,"challenge_id":114,"user_id":247,"team_id":null},{"id":1359,"challenge_id":107,"user_id":184,"team_id":null},{"id":1360,"challenge_id":96,"user_id":172,"team_id":null},{"id":1361,"challenge_id":87,"user_id":181,"team_id":null},{"id":1364,"challenge_id":98,"user_id":212,"team_id":null},{"id":1365,"challenge_id":107,"user_id":176,"team_id":null},{"id":1366,"challenge_id":92,"user_id":148,"team_id":null},{"id":1370,"challenge_id":96,"user_id":265,"team_id":null},{"id":1374,"challenge_id":96,"user_id":179,"team_id":null},{"id":1375,"challenge_id":92,"user_id":243,"team_id":null},{"id":1378,"challenge_id":98,"user_id":217,"team_id":null},{"id":1380,"challenge_id":114,"user_id":190,"team_id":null},{"id":1382,"challenge_id":92,"user_id":267,"team_id":null},{"id":1385,"challenge_id":107,"user_id":183,"team_id":null},{"id":1388,"challenge_id":98,"user_id":265,"team_id":null},{"id":1389,"challenge_id":92,"user_id":235,"team_id":null},{"id":1395,"challenge_id":107,"user_id":236,"team_id":null},{"id":1396,"challenge_id":107,"user_id":268,"team_id":null},{"id":1397,"challenge_id":98,"user_id":139,"team_id":null},{"id":1399,"challenge_id":99,"user_id":187,"team_id":null},{"id":1400,"challenge_id":92,"user_id":253,"team_id":null},{"id":1402,"challenge_id":92,"user_id":258,"team_id":null},{"id":1403,"challenge_id":92,"user_id":268,"team_id":null},{"id":1405,"challenge_id":92,"user_id":236,"team_id":null},{"id":1406,"challenge_id":96,"user_id":240,"team_id":null},{"id":1412,"challenge_id":114,"user_id":259,"team_id":null},{"id":1413,"challenge_id":92,"user_id":269,"team_id":null},{"id":1414,"challenge_id":114,"user_id":202,"team_id":null},{"id":1416,"challenge_id":92,"user_id":254,"team_id":null},{"id":1417,"challenge_id":107,"user_id":148,"team_id":null},{"id":1419,"challenge_id":114,"user_id":224,"team_id":null},{"id":1423,"challenge_id":96,"user_id":177,"team_id":null},{"id":1425,"challenge_id":103,"user_id":209,"team_id":null},{"id":1427,"challenge_id":96,"user_id":178,"team_id":null},{"id":1428,"challenge_id":101,"user_id":212,"team_id":null},{"id":1430,"challenge_id":114,"user_id":195,"team_id":null},{"id":1431,"challenge_id":96,"user_id":183,"team_id":null},{"id":1432,"challenge_id":98,"user_id":177,"team_id":null},{"id":1434,"challenge_id":99,"user_id":139,"team_id":null},{"id":1435,"challenge_id":89,"user_id":213,"team_id":null},{"id":1443,"challenge_id":114,"user_id":140,"team_id":null},{"id":1444,"challenge_id":92,"user_id":203,"team_id":null},{"id":1445,"challenge_id":114,"user_id":246,"team_id":null},{"id":1447,"challenge_id":98,"user_id":223,"team_id":null},{"id":1450,"challenge_id":92,"user_id":216,"team_id":null},{"id":1451,"challenge_id":92,"user_id":123,"team_id":null},{"id":1457,"challenge_id":107,"user_id":234,"team_id":null},{"id":1459,"challenge_id":92,"user_id":211,"team_id":null},{"id":1462,"challenge_id":114,"user_id":229,"team_id":null},{"id":1463,"challenge_id":98,"user_id":240,"team_id":null},{"id":1464,"challenge_id":114,"user_id":210,"team_id":null},{"id":1465,"challenge_id":96,"user_id":140,"team_id":null},{"id":1468,"challenge_id":114,"user_id":262,"team_id":null},{"id":1469,"challenge_id":92,"user_id":218,"team_id":null},{"id":1471,"challenge_id":107,"user_id":253,"team_id":null},{"id":1476,"challenge_id":96,"user_id":246,"team_id":null},{"id":1477,"challenge_id":101,"user_id":223,"team_id":null},{"id":1478,"challenge_id":99,"user_id":212,"team_id":null},{"id":1481,"challenge_id":103,"user_id":151,"team_id":null},{"id":1482,"challenge_id":99,"user_id":223,"team_id":null},{"id":1483,"challenge_id":100,"user_id":217,"team_id":null},{"id":1484,"challenge_id":87,"user_id":231,"team_id":null},{"id":1488,"challenge_id":102,"user_id":223,"team_id":null},{"id":1490,"challenge_id":100,"user_id":223,"team_id":null},{"id":1491,"challenge_id":92,"user_id":168,"team_id":null},{"id":1492,"challenge_id":100,"user_id":212,"team_id":null},{"id":1494,"challenge_id":102,"user_id":265,"team_id":null},{"id":1495,"challenge_id":107,"user_id":123,"team_id":null},{"id":1505,"challenge_id":87,"user_id":187,"team_id":null},{"id":1509,"challenge_id":107,"user_id":168,"team_id":null},{"id":1512,"challenge_id":114,"user_id":128,"team_id":null},{"id":1514,"challenge_id":92,"user_id":270,"team_id":null},{"id":1521,"challenge_id":96,"user_id":247,"team_id":null},{"id":1522,"challenge_id":114,"user_id":176,"team_id":null},{"id":1524,"challenge_id":87,"user_id":222,"team_id":null},{"id":1525,"challenge_id":102,"user_id":217,"team_id":null},{"id":1528,"challenge_id":96,"user_id":123,"team_id":null},{"id":1530,"challenge_id":96,"user_id":201,"team_id":null},{"id":1531,"challenge_id":99,"user_id":217,"team_id":null},{"id":1532,"challenge_id":96,"user_id":193,"team_id":null},{"id":1533,"challenge_id":96,"user_id":268,"team_id":null},{"id":1538,"challenge_id":99,"user_id":240,"team_id":null},{"id":1540,"challenge_id":96,"user_id":236,"team_id":null},{"id":1545,"challenge_id":98,"user_id":123,"team_id":null},{"id":1546,"challenge_id":103,"user_id":187,"team_id":null},{"id":1547,"challenge_id":114,"user_id":125,"team_id":null},{"id":1548,"challenge_id":101,"user_id":217,"team_id":null},{"id":1549,"challenge_id":107,"user_id":270,"team_id":null},{"id":1552,"challenge_id":96,"user_id":234,"team_id":null},{"id":1557,"challenge_id":102,"user_id":240,"team_id":null},{"id":1560,"challenge_id":107,"user_id":216,"team_id":null},{"id":1561,"challenge_id":102,"user_id":212,"team_id":null},{"id":1562,"challenge_id":96,"user_id":143,"team_id":null},{"id":1567,"challenge_id":107,"user_id":243,"team_id":null},{"id":1570,"challenge_id":100,"user_id":139,"team_id":null},{"id":1572,"challenge_id":99,"user_id":123,"team_id":null},{"id":1574,"challenge_id":100,"user_id":265,"team_id":null},{"id":1576,"challenge_id":99,"user_id":265,"team_id":null},{"id":1577,"challenge_id":87,"user_id":132,"team_id":null},{"id":1578,"challenge_id":114,"user_id":147,"team_id":null},{"id":1580,"challenge_id":102,"user_id":139,"team_id":null},{"id":1581,"challenge_id":96,"user_id":162,"team_id":null},{"id":1582,"challenge_id":101,"user_id":265,"team_id":null},{"id":1585,"challenge_id":90,"user_id":213,"team_id":null},{"id":1586,"challenge_id":100,"user_id":240,"team_id":null},{"id":1587,"challenge_id":87,"user_id":232,"team_id":null},{"id":1591,"challenge_id":96,"user_id":176,"team_id":null},{"id":1593,"challenge_id":101,"user_id":139,"team_id":null},{"id":1594,"challenge_id":107,"user_id":239,"team_id":null},{"id":1597,"challenge_id":96,"user_id":270,"team_id":null},{"id":1598,"challenge_id":103,"user_id":132,"team_id":null},{"id":1599,"challenge_id":98,"user_id":209,"team_id":null},{"id":1600,"challenge_id":114,"user_id":253,"team_id":null},{"id":1601,"challenge_id":92,"user_id":219,"team_id":null},{"id":1602,"challenge_id":92,"user_id":239,"team_id":null},{"id":1606,"challenge_id":114,"user_id":130,"team_id":null},{"id":1609,"challenge_id":98,"user_id":176,"team_id":null},{"id":1610,"challenge_id":107,"user_id":139,"team_id":null},{"id":1611,"challenge_id":103,"user_id":231,"team_id":null},{"id":1612,"challenge_id":101,"user_id":209,"team_id":null},{"id":1614,"challenge_id":102,"user_id":123,"team_id":null},{"id":1615,"challenge_id":101,"user_id":240,"team_id":null},{"id":1616,"challenge_id":107,"user_id":265,"team_id":null},{"id":1620,"challenge_id":114,"user_id":178,"team_id":null},{"id":1622,"challenge_id":101,"user_id":177,"team_id":null},{"id":1626,"challenge_id":99,"user_id":176,"team_id":null},{"id":1630,"challenge_id":100,"user_id":177,"team_id":null},{"id":1631,"challenge_id":114,"user_id":223,"team_id":null},{"id":1634,"challenge_id":103,"user_id":217,"team_id":null},{"id":1642,"challenge_id":98,"user_id":238,"team_id":null},{"id":1643,"challenge_id":102,"user_id":177,"team_id":null},{"id":1645,"challenge_id":99,"user_id":177,"team_id":null},{"id":1646,"challenge_id":87,"user_id":148,"team_id":null},{"id":1650,"challenge_id":96,"user_id":245,"team_id":null},{"id":1652,"challenge_id":107,"user_id":233,"team_id":null},{"id":1657,"challenge_id":92,"user_id":215,"team_id":null},{"id":1658,"challenge_id":103,"user_id":213,"team_id":null},{"id":1665,"challenge_id":104,"user_id":187,"team_id":null},{"id":1667,"challenge_id":87,"user_id":153,"team_id":null},{"id":1671,"challenge_id":100,"user_id":123,"team_id":null},{"id":1673,"challenge_id":107,"user_id":128,"team_id":null},{"id":1676,"challenge_id":107,"user_id":254,"team_id":null},{"id":1678,"challenge_id":107,"user_id":250,"team_id":null},{"id":1683,"challenge_id":112,"user_id":155,"team_id":null},{"id":1684,"challenge_id":96,"user_id":206,"team_id":null},{"id":1686,"challenge_id":114,"user_id":168,"team_id":null},{"id":1687,"challenge_id":107,"user_id":219,"team_id":null},{"id":1688,"challenge_id":114,"user_id":187,"team_id":null},{"id":1690,"challenge_id":96,"user_id":211,"team_id":null},{"id":1698,"challenge_id":101,"user_id":123,"team_id":null},{"id":1705,"challenge_id":98,"user_id":206,"team_id":null},{"id":1709,"challenge_id":96,"user_id":199,"team_id":null},{"id":1710,"challenge_id":87,"user_id":234,"team_id":null},{"id":1711,"challenge_id":96,"user_id":238,"team_id":null},{"id":1714,"challenge_id":96,"user_id":219,"team_id":null},{"id":1715,"challenge_id":96,"user_id":181,"team_id":null},{"id":1716,"challenge_id":98,"user_id":245,"team_id":null},{"id":1721,"challenge_id":94,"user_id":123,"team_id":null},{"id":1722,"challenge_id":94,"user_id":231,"team_id":null},{"id":1724,"challenge_id":107,"user_id":195,"team_id":null},{"id":1725,"challenge_id":96,"user_id":163,"team_id":null},{"id":1726,"challenge_id":98,"user_id":268,"team_id":null},{"id":1727,"challenge_id":77,"user_id":190,"team_id":null},{"id":1728,"challenge_id":114,"user_id":164,"team_id":null},{"id":1729,"challenge_id":92,"user_id":226,"team_id":null},{"id":1730,"challenge_id":87,"user_id":139,"team_id":null},{"id":1733,"challenge_id":99,"user_id":268,"team_id":null},{"id":1734,"challenge_id":100,"user_id":268,"team_id":null},{"id":1735,"challenge_id":98,"user_id":195,"team_id":null},{"id":1737,"challenge_id":87,"user_id":212,"team_id":null},{"id":1738,"challenge_id":101,"user_id":176,"team_id":null},{"id":1741,"challenge_id":96,"user_id":148,"team_id":null},{"id":1743,"challenge_id":107,"user_id":226,"team_id":null},{"id":1744,"challenge_id":96,"user_id":151,"team_id":null},{"id":1745,"challenge_id":99,"user_id":195,"team_id":null},{"id":1746,"challenge_id":114,"user_id":209,"team_id":null},{"id":1747,"challenge_id":112,"user_id":201,"team_id":null},{"id":1748,"challenge_id":103,"user_id":153,"team_id":null},{"id":1749,"challenge_id":87,"user_id":237,"team_id":null},{"id":1751,"challenge_id":112,"user_id":187,"team_id":null},{"id":1752,"challenge_id":118,"user_id":202,"team_id":null},{"id":1756,"challenge_id":107,"user_id":215,"team_id":null},{"id":1758,"challenge_id":118,"user_id":229,"team_id":null},{"id":1759,"challenge_id":98,"user_id":148,"team_id":null},{"id":1760,"challenge_id":96,"user_id":231,"team_id":null},{"id":1761,"challenge_id":114,"user_id":191,"team_id":null},{"id":1764,"challenge_id":99,"user_id":148,"team_id":null},{"id":1765,"challenge_id":87,"user_id":193,"team_id":null},{"id":1766,"challenge_id":118,"user_id":191,"team_id":null},{"id":1767,"challenge_id":96,"user_id":208,"team_id":null},{"id":1769,"challenge_id":98,"user_id":181,"team_id":null},{"id":1770,"challenge_id":104,"user_id":151,"team_id":null},{"id":1771,"challenge_id":89,"user_id":132,"team_id":null},{"id":1774,"challenge_id":103,"user_id":181,"team_id":null},{"id":1780,"challenge_id":103,"user_id":193,"team_id":null},{"id":1785,"challenge_id":102,"user_id":195,"team_id":null},{"id":1788,"challenge_id":100,"user_id":187,"team_id":null},{"id":1794,"challenge_id":103,"user_id":234,"team_id":null},{"id":1797,"challenge_id":104,"user_id":181,"team_id":null},{"id":1798,"challenge_id":96,"user_id":215,"team_id":null},{"id":1801,"challenge_id":98,"user_id":231,"team_id":null},{"id":1802,"challenge_id":99,"user_id":181,"team_id":null},{"id":1803,"challenge_id":118,"user_id":190,"team_id":null},{"id":1805,"challenge_id":103,"user_id":237,"team_id":null},{"id":1807,"challenge_id":103,"user_id":183,"team_id":null},{"id":1808,"challenge_id":101,"user_id":195,"team_id":null},{"id":1809,"challenge_id":101,"user_id":181,"team_id":null},{"id":1810,"challenge_id":99,"user_id":245,"team_id":null},{"id":1812,"challenge_id":92,"user_id":272,"team_id":null},{"id":1813,"challenge_id":96,"user_id":126,"team_id":null},{"id":1814,"challenge_id":96,"user_id":125,"team_id":null},{"id":1819,"challenge_id":100,"user_id":231,"team_id":null},{"id":1826,"challenge_id":90,"user_id":132,"team_id":null},{"id":1828,"challenge_id":102,"user_id":231,"team_id":null},{"id":1829,"challenge_id":96,"user_id":226,"team_id":null},{"id":1830,"challenge_id":107,"user_id":210,"team_id":null},{"id":1832,"challenge_id":96,"user_id":146,"team_id":null},{"id":1833,"challenge_id":107,"user_id":206,"team_id":null},{"id":1835,"challenge_id":98,"user_id":234,"team_id":null},{"id":1837,"challenge_id":99,"user_id":231,"team_id":null},{"id":1839,"challenge_id":103,"user_id":177,"team_id":null},{"id":1841,"challenge_id":98,"user_id":151,"team_id":null},{"id":1846,"challenge_id":96,"user_id":210,"team_id":null},{"id":1850,"challenge_id":112,"user_id":172,"team_id":null},{"id":1853,"challenge_id":102,"user_id":268,"team_id":null},{"id":1854,"challenge_id":92,"user_id":107,"team_id":null},{"id":1856,"challenge_id":89,"user_id":193,"team_id":null},{"id":1859,"challenge_id":100,"user_id":245,"team_id":null},{"id":1860,"challenge_id":103,"user_id":212,"team_id":null},{"id":1865,"challenge_id":101,"user_id":231,"team_id":null},{"id":1866,"challenge_id":98,"user_id":125,"team_id":null},{"id":1869,"challenge_id":102,"user_id":148,"team_id":null},{"id":1870,"challenge_id":99,"user_id":125,"team_id":null},{"id":1871,"challenge_id":99,"user_id":151,"team_id":null},{"id":1873,"challenge_id":92,"user_id":273,"team_id":null},{"id":1874,"challenge_id":100,"user_id":125,"team_id":null},{"id":1877,"challenge_id":87,"user_id":226,"team_id":null},{"id":1878,"challenge_id":98,"user_id":143,"team_id":null},{"id":1879,"challenge_id":98,"user_id":199,"team_id":null},{"id":1883,"challenge_id":98,"user_id":201,"team_id":null},{"id":1884,"challenge_id":99,"user_id":143,"team_id":null},{"id":1887,"challenge_id":96,"user_id":137,"team_id":null},{"id":1889,"challenge_id":100,"user_id":143,"team_id":null},{"id":1890,"challenge_id":99,"user_id":199,"team_id":null},{"id":1891,"challenge_id":99,"user_id":201,"team_id":null},{"id":1893,"challenge_id":94,"user_id":246,"team_id":null},{"id":1897,"challenge_id":101,"user_id":201,"team_id":null},{"id":1898,"challenge_id":114,"user_id":124,"team_id":null},{"id":1899,"challenge_id":102,"user_id":143,"team_id":null},{"id":1902,"challenge_id":107,"user_id":231,"team_id":null},{"id":1903,"challenge_id":102,"user_id":201,"team_id":null},{"id":1904,"challenge_id":100,"user_id":199,"team_id":null},{"id":1905,"challenge_id":101,"user_id":143,"team_id":null},{"id":1907,"challenge_id":100,"user_id":201,"team_id":null},{"id":1909,"challenge_id":112,"user_id":143,"team_id":null},{"id":1911,"challenge_id":118,"user_id":128,"team_id":null},{"id":1914,"challenge_id":94,"user_id":140,"team_id":null},{"id":1916,"challenge_id":102,"user_id":199,"team_id":null},{"id":1917,"challenge_id":112,"user_id":208,"team_id":null},{"id":1918,"challenge_id":92,"user_id":230,"team_id":null},{"id":1919,"challenge_id":119,"user_id":190,"team_id":null},{"id":1925,"challenge_id":103,"user_id":176,"team_id":null},{"id":1926,"challenge_id":98,"user_id":137,"team_id":null},{"id":1927,"challenge_id":98,"user_id":208,"team_id":null},{"id":1929,"challenge_id":87,"user_id":124,"team_id":null},{"id":1930,"challenge_id":107,"user_id":272,"team_id":null},{"id":1934,"challenge_id":114,"user_id":143,"team_id":null},{"id":1935,"challenge_id":94,"user_id":240,"team_id":null},{"id":1937,"challenge_id":118,"user_id":143,"team_id":null},{"id":1939,"challenge_id":100,"user_id":208,"team_id":null},{"id":1940,"challenge_id":92,"user_id":142,"team_id":null},{"id":1941,"challenge_id":96,"user_id":169,"team_id":null},{"id":1942,"challenge_id":92,"user_id":275,"team_id":null},{"id":1943,"challenge_id":87,"user_id":209,"team_id":null},{"id":1945,"challenge_id":92,"user_id":274,"team_id":null},{"id":1946,"challenge_id":114,"user_id":258,"team_id":null},{"id":1952,"challenge_id":96,"user_id":130,"team_id":null},{"id":1955,"challenge_id":102,"user_id":208,"team_id":null},{"id":1956,"challenge_id":94,"user_id":275,"team_id":null},{"id":1957,"challenge_id":107,"user_id":142,"team_id":null},{"id":1959,"challenge_id":99,"user_id":208,"team_id":null},{"id":1963,"challenge_id":102,"user_id":125,"team_id":null},{"id":1965,"challenge_id":96,"user_id":132,"team_id":null},{"id":1968,"challenge_id":101,"user_id":208,"team_id":null},{"id":1970,"challenge_id":96,"user_id":272,"team_id":null},{"id":1971,"challenge_id":96,"user_id":191,"team_id":null},{"id":1975,"challenge_id":98,"user_id":210,"team_id":null},{"id":1976,"challenge_id":98,"user_id":130,"team_id":null},{"id":1977,"challenge_id":94,"user_id":203,"team_id":null},{"id":1979,"challenge_id":92,"user_id":131,"team_id":null},{"id":1980,"challenge_id":107,"user_id":131,"team_id":null},{"id":1986,"challenge_id":98,"user_id":132,"team_id":null},{"id":1991,"challenge_id":98,"user_id":191,"team_id":null},{"id":1993,"challenge_id":103,"user_id":172,"team_id":null},{"id":1994,"challenge_id":96,"user_id":251,"team_id":null},{"id":1996,"challenge_id":100,"user_id":132,"team_id":null},{"id":1998,"challenge_id":99,"user_id":191,"team_id":null},{"id":2001,"challenge_id":114,"user_id":193,"team_id":null},{"id":2002,"challenge_id":100,"user_id":210,"team_id":null},{"id":2003,"challenge_id":101,"user_id":191,"team_id":null},{"id":2008,"challenge_id":101,"user_id":125,"team_id":null},{"id":2009,"challenge_id":99,"user_id":137,"team_id":null},{"id":2012,"challenge_id":102,"user_id":137,"team_id":null},{"id":2013,"challenge_id":96,"user_id":147,"team_id":null},{"id":2014,"challenge_id":118,"user_id":201,"team_id":null},{"id":2017,"challenge_id":89,"user_id":232,"team_id":null},{"id":2022,"challenge_id":102,"user_id":210,"team_id":null},{"id":2024,"challenge_id":102,"user_id":132,"team_id":null},{"id":2026,"challenge_id":99,"user_id":130,"team_id":null},{"id":2027,"challenge_id":98,"user_id":147,"team_id":null},{"id":2028,"challenge_id":99,"user_id":210,"team_id":null},{"id":2033,"challenge_id":99,"user_id":132,"team_id":null},{"id":2035,"challenge_id":99,"user_id":147,"team_id":null},{"id":2036,"challenge_id":92,"user_id":276,"team_id":null},{"id":2037,"challenge_id":107,"user_id":199,"team_id":null},{"id":2038,"challenge_id":100,"user_id":137,"team_id":null},{"id":2040,"challenge_id":100,"user_id":191,"team_id":null},{"id":2043,"challenge_id":108,"user_id":168,"team_id":null},{"id":2045,"challenge_id":104,"user_id":183,"team_id":null},{"id":2046,"challenge_id":101,"user_id":132,"team_id":null},{"id":2049,"challenge_id":87,"user_id":208,"team_id":null},{"id":2050,"challenge_id":98,"user_id":246,"team_id":null},{"id":2052,"challenge_id":101,"user_id":268,"team_id":null},{"id":2056,"challenge_id":103,"user_id":208,"team_id":null},{"id":2059,"challenge_id":92,"user_id":198,"team_id":null},{"id":2060,"challenge_id":101,"user_id":137,"team_id":null},{"id":2063,"challenge_id":98,"user_id":272,"team_id":null},{"id":2066,"challenge_id":96,"user_id":128,"team_id":null},{"id":2068,"challenge_id":96,"user_id":131,"team_id":null},{"id":2069,"challenge_id":98,"user_id":131,"team_id":null},{"id":2070,"challenge_id":98,"user_id":140,"team_id":null},{"id":2071,"challenge_id":107,"user_id":276,"team_id":null},{"id":2072,"challenge_id":101,"user_id":246,"team_id":null},{"id":2073,"challenge_id":101,"user_id":147,"team_id":null},{"id":2075,"challenge_id":100,"user_id":148,"team_id":null},{"id":2077,"challenge_id":99,"user_id":272,"team_id":null},{"id":2078,"challenge_id":101,"user_id":140,"team_id":null},{"id":2083,"challenge_id":107,"user_id":137,"team_id":null},{"id":2084,"challenge_id":101,"user_id":199,"team_id":null},{"id":2085,"challenge_id":98,"user_id":128,"team_id":null},{"id":2086,"challenge_id":96,"user_id":153,"team_id":null},{"id":2088,"challenge_id":100,"user_id":246,"team_id":null},{"id":2089,"challenge_id":94,"user_id":270,"team_id":null},{"id":2090,"challenge_id":107,"user_id":244,"team_id":null},{"id":2092,"challenge_id":87,"user_id":123,"team_id":null},{"id":2094,"challenge_id":102,"user_id":246,"team_id":null},{"id":2095,"challenge_id":101,"user_id":148,"team_id":null},{"id":2096,"challenge_id":100,"user_id":140,"team_id":null},{"id":2097,"challenge_id":99,"user_id":246,"team_id":null},{"id":2098,"challenge_id":98,"user_id":126,"team_id":null},{"id":2099,"challenge_id":99,"user_id":140,"team_id":null},{"id":2100,"challenge_id":94,"user_id":181,"team_id":null},{"id":2101,"challenge_id":89,"user_id":209,"team_id":null},{"id":2104,"challenge_id":102,"user_id":140,"team_id":null},{"id":2105,"challenge_id":87,"user_id":268,"team_id":null},{"id":2107,"challenge_id":98,"user_id":146,"team_id":null},{"id":2110,"challenge_id":99,"user_id":126,"team_id":null},{"id":2112,"challenge_id":96,"user_id":276,"team_id":null},{"id":2113,"challenge_id":99,"user_id":146,"team_id":null},{"id":2114,"challenge_id":103,"user_id":268,"team_id":null},{"id":2115,"challenge_id":96,"user_id":124,"team_id":null},{"id":2117,"challenge_id":87,"user_id":240,"team_id":null},{"id":2118,"challenge_id":103,"user_id":270,"team_id":null},{"id":2120,"challenge_id":98,"user_id":276,"team_id":null},{"id":2122,"challenge_id":103,"user_id":123,"team_id":null},{"id":2124,"challenge_id":114,"user_id":198,"team_id":null},{"id":2125,"challenge_id":103,"user_id":140,"team_id":null},{"id":2126,"challenge_id":98,"user_id":215,"team_id":null},{"id":2132,"challenge_id":99,"user_id":215,"team_id":null},{"id":2135,"challenge_id":101,"user_id":215,"team_id":null},{"id":2137,"challenge_id":102,"user_id":276,"team_id":null},{"id":2139,"challenge_id":102,"user_id":215,"team_id":null},{"id":2141,"challenge_id":92,"user_id":161,"team_id":null},{"id":2142,"challenge_id":102,"user_id":126,"team_id":null},{"id":2144,"challenge_id":107,"user_id":190,"team_id":null},{"id":2145,"challenge_id":77,"user_id":223,"team_id":null},{"id":2147,"challenge_id":102,"user_id":146,"team_id":null},{"id":2152,"challenge_id":102,"user_id":272,"team_id":null},{"id":2156,"challenge_id":96,"user_id":190,"team_id":null},{"id":2157,"challenge_id":112,"user_id":191,"team_id":null},{"id":2162,"challenge_id":103,"user_id":223,"team_id":null},{"id":2164,"challenge_id":98,"user_id":172,"team_id":null},{"id":2165,"challenge_id":114,"user_id":211,"team_id":null},{"id":2170,"challenge_id":94,"user_id":212,"team_id":null},{"id":2172,"challenge_id":92,"user_id":277,"team_id":null},{"id":2173,"challenge_id":96,"user_id":237,"team_id":null},{"id":2175,"challenge_id":100,"user_id":172,"team_id":null},{"id":2176,"challenge_id":103,"user_id":246,"team_id":null},{"id":2180,"challenge_id":103,"user_id":245,"team_id":null},{"id":2182,"challenge_id":110,"user_id":143,"team_id":null},{"id":2183,"challenge_id":99,"user_id":172,"team_id":null},{"id":2185,"challenge_id":90,"user_id":232,"team_id":null},{"id":2186,"challenge_id":98,"user_id":219,"team_id":null},{"id":2187,"challenge_id":94,"user_id":208,"team_id":null},{"id":2188,"challenge_id":99,"user_id":276,"team_id":null},{"id":2189,"challenge_id":92,"user_id":173,"team_id":null},{"id":2190,"challenge_id":103,"user_id":247,"team_id":null},{"id":2192,"challenge_id":102,"user_id":172,"team_id":null},{"id":2193,"challenge_id":103,"user_id":240,"team_id":null},{"id":2194,"challenge_id":101,"user_id":172,"team_id":null},{"id":2195,"challenge_id":98,"user_id":178,"team_id":null},{"id":2196,"challenge_id":103,"user_id":148,"team_id":null},{"id":2198,"challenge_id":94,"user_id":179,"team_id":null},{"id":2199,"challenge_id":118,"user_id":196,"team_id":null},{"id":2201,"challenge_id":98,"user_id":222,"team_id":null},{"id":2202,"challenge_id":98,"user_id":190,"team_id":null},{"id":2203,"challenge_id":94,"user_id":262,"team_id":null},{"id":2204,"challenge_id":103,"user_id":147,"team_id":null},{"id":2205,"challenge_id":99,"user_id":190,"team_id":null},{"id":2208,"challenge_id":100,"user_id":190,"team_id":null},{"id":2209,"challenge_id":98,"user_id":153,"team_id":null},{"id":2211,"challenge_id":101,"user_id":190,"team_id":null},{"id":2215,"challenge_id":94,"user_id":155,"team_id":null},{"id":2218,"challenge_id":112,"user_id":179,"team_id":null},{"id":2219,"challenge_id":99,"user_id":222,"team_id":null},{"id":2220,"challenge_id":107,"user_id":173,"team_id":null},{"id":2221,"challenge_id":102,"user_id":190,"team_id":null},{"id":2223,"challenge_id":100,"user_id":272,"team_id":null},{"id":2224,"challenge_id":100,"user_id":222,"team_id":null},{"id":2225,"challenge_id":101,"user_id":131,"team_id":null},{"id":2226,"challenge_id":104,"user_id":246,"team_id":null},{"id":2227,"challenge_id":102,"user_id":222,"team_id":null},{"id":2231,"challenge_id":90,"user_id":209,"team_id":null},{"id":2234,"challenge_id":92,"user_id":266,"team_id":null},{"id":2237,"challenge_id":101,"user_id":276,"team_id":null},{"id":2239,"challenge_id":99,"user_id":153,"team_id":null},{"id":2241,"challenge_id":114,"user_id":170,"team_id":null},{"id":2244,"challenge_id":101,"user_id":222,"team_id":null},{"id":2245,"challenge_id":103,"user_id":190,"team_id":null},{"id":2246,"challenge_id":100,"user_id":146,"team_id":null},{"id":2247,"challenge_id":99,"user_id":131,"team_id":null},{"id":2248,"challenge_id":98,"user_id":163,"team_id":null},{"id":2249,"challenge_id":96,"user_id":173,"team_id":null},{"id":2250,"challenge_id":103,"user_id":222,"team_id":null},{"id":2251,"challenge_id":100,"user_id":126,"team_id":null},{"id":2252,"challenge_id":89,"user_id":148,"team_id":null},{"id":2255,"challenge_id":100,"user_id":215,"team_id":null},{"id":2259,"challenge_id":103,"user_id":179,"team_id":null},{"id":2262,"challenge_id":103,"user_id":155,"team_id":null},{"id":2263,"challenge_id":92,"user_id":165,"team_id":null},{"id":2264,"challenge_id":99,"user_id":163,"team_id":null},{"id":2268,"challenge_id":100,"user_id":163,"team_id":null},{"id":2269,"challenge_id":92,"user_id":241,"team_id":null},{"id":2270,"challenge_id":102,"user_id":131,"team_id":null},{"id":2271,"challenge_id":101,"user_id":163,"team_id":null},{"id":2272,"challenge_id":100,"user_id":131,"team_id":null},{"id":2273,"challenge_id":102,"user_id":153,"team_id":null},{"id":2274,"challenge_id":102,"user_id":163,"team_id":null},{"id":2276,"challenge_id":112,"user_id":212,"team_id":null},{"id":2277,"challenge_id":92,"user_id":133,"team_id":null},{"id":2278,"challenge_id":114,"user_id":222,"team_id":null},{"id":2280,"challenge_id":100,"user_id":276,"team_id":null},{"id":2281,"challenge_id":98,"user_id":173,"team_id":null},{"id":2283,"challenge_id":112,"user_id":147,"team_id":null},{"id":2284,"challenge_id":107,"user_id":241,"team_id":null},{"id":2285,"challenge_id":114,"user_id":257,"team_id":null},{"id":2286,"challenge_id":104,"user_id":140,"team_id":null},{"id":2288,"challenge_id":118,"user_id":257,"team_id":null},{"id":2289,"challenge_id":107,"user_id":133,"team_id":null},{"id":2290,"challenge_id":92,"user_id":278,"team_id":null},{"id":2295,"challenge_id":103,"user_id":210,"team_id":null},{"id":2297,"challenge_id":99,"user_id":173,"team_id":null},{"id":2302,"challenge_id":112,"user_id":128,"team_id":null},{"id":2303,"challenge_id":104,"user_id":190,"team_id":null},{"id":2305,"challenge_id":103,"user_id":142,"team_id":null},{"id":2306,"challenge_id":101,"user_id":146,"team_id":null},{"id":2308,"challenge_id":107,"user_id":257,"team_id":null},{"id":2312,"challenge_id":92,"user_id":279,"team_id":null},{"id":2313,"challenge_id":101,"user_id":126,"team_id":null},{"id":2314,"challenge_id":87,"user_id":190,"team_id":null},{"id":2315,"challenge_id":101,"user_id":219,"team_id":null},{"id":2316,"challenge_id":90,"user_id":148,"team_id":null},{"id":2317,"challenge_id":107,"user_id":279,"team_id":null},{"id":2320,"challenge_id":98,"user_id":279,"team_id":null},{"id":2322,"challenge_id":112,"user_id":125,"team_id":null},{"id":2323,"challenge_id":94,"user_id":213,"team_id":null},{"id":2324,"challenge_id":92,"user_id":280,"team_id":null},{"id":2325,"challenge_id":101,"user_id":173,"team_id":null},{"id":2326,"challenge_id":103,"user_id":272,"team_id":null},{"id":2327,"challenge_id":104,"user_id":237,"team_id":null},{"id":2328,"challenge_id":103,"user_id":276,"team_id":null},{"id":2330,"challenge_id":110,"user_id":176,"team_id":null},{"id":2331,"challenge_id":103,"user_id":236,"team_id":null},{"id":2332,"challenge_id":94,"user_id":258,"team_id":null},{"id":2333,"challenge_id":92,"user_id":95,"team_id":null},{"id":2334,"challenge_id":107,"user_id":280,"team_id":null},{"id":2335,"challenge_id":118,"user_id":223,"team_id":null},{"id":2336,"challenge_id":92,"user_id":281,"team_id":null},{"id":2337,"challenge_id":107,"user_id":258,"team_id":null},{"id":2338,"challenge_id":96,"user_id":280,"team_id":null},{"id":2342,"challenge_id":103,"user_id":125,"team_id":null},{"id":2344,"challenge_id":77,"user_id":259,"team_id":null},{"id":2345,"challenge_id":87,"user_id":272,"team_id":null},{"id":2346,"challenge_id":92,"user_id":282,"team_id":null},{"id":2348,"challenge_id":101,"user_id":151,"team_id":null},{"id":2354,"challenge_id":87,"user_id":276,"team_id":null},{"id":2355,"challenge_id":107,"user_id":281,"team_id":null},{"id":2357,"challenge_id":110,"user_id":231,"team_id":null},{"id":2360,"challenge_id":107,"user_id":211,"team_id":null},{"id":2362,"challenge_id":107,"user_id":282,"team_id":null},{"id":2364,"challenge_id":107,"user_id":209,"team_id":null},{"id":2368,"challenge_id":110,"user_id":162,"team_id":null},{"id":2370,"challenge_id":110,"user_id":183,"team_id":null},{"id":2371,"challenge_id":77,"user_id":224,"team_id":null},{"id":2372,"challenge_id":96,"user_id":282,"team_id":null},{"id":2377,"challenge_id":96,"user_id":198,"team_id":null},{"id":2378,"challenge_id":99,"user_id":206,"team_id":null},{"id":2379,"challenge_id":98,"user_id":280,"team_id":null},{"id":2380,"challenge_id":98,"user_id":282,"team_id":null},{"id":2381,"challenge_id":94,"user_id":257,"team_id":null},{"id":2385,"challenge_id":99,"user_id":282,"team_id":null},{"id":2386,"challenge_id":101,"user_id":206,"team_id":null},{"id":2387,"challenge_id":108,"user_id":190,"team_id":null},{"id":2390,"challenge_id":103,"user_id":131,"team_id":null},{"id":2392,"challenge_id":112,"user_id":173,"team_id":null},{"id":2393,"challenge_id":110,"user_id":265,"team_id":null},{"id":2394,"challenge_id":103,"user_id":239,"team_id":null},{"id":2395,"challenge_id":96,"user_id":257,"team_id":null},{"id":2399,"challenge_id":98,"user_id":257,"team_id":null},{"id":2400,"challenge_id":99,"user_id":257,"team_id":null},{"id":2401,"challenge_id":103,"user_id":124,"team_id":null},{"id":2408,"challenge_id":103,"user_id":173,"team_id":null},{"id":2411,"challenge_id":119,"user_id":143,"team_id":null},{"id":2412,"challenge_id":119,"user_id":201,"team_id":null},{"id":2413,"challenge_id":104,"user_id":268,"team_id":null},{"id":2414,"challenge_id":100,"user_id":206,"team_id":null},{"id":2415,"challenge_id":92,"user_id":283,"team_id":null},{"id":2417,"challenge_id":101,"user_id":257,"team_id":null},{"id":2419,"challenge_id":118,"user_id":259,"team_id":null},{"id":2420,"challenge_id":118,"user_id":224,"team_id":null},{"id":2422,"challenge_id":87,"user_id":283,"team_id":null},{"id":2423,"challenge_id":118,"user_id":170,"team_id":null},{"id":2425,"challenge_id":96,"user_id":239,"team_id":null},{"id":2427,"challenge_id":114,"user_id":241,"team_id":null},{"id":2428,"challenge_id":104,"user_id":240,"team_id":null},{"id":2429,"challenge_id":77,"user_id":170,"team_id":null},{"id":2432,"challenge_id":110,"user_id":193,"team_id":null},{"id":2435,"challenge_id":104,"user_id":123,"team_id":null},{"id":2436,"challenge_id":94,"user_id":148,"team_id":null},{"id":2437,"challenge_id":98,"user_id":239,"team_id":null},{"id":2442,"challenge_id":99,"user_id":239,"team_id":null},{"id":2443,"challenge_id":98,"user_id":236,"team_id":null},{"id":2444,"challenge_id":100,"user_id":239,"team_id":null},{"id":2445,"challenge_id":94,"user_id":247,"team_id":null},{"id":2451,"challenge_id":94,"user_id":224,"team_id":null},{"id":2452,"challenge_id":94,"user_id":259,"team_id":null},{"id":2453,"challenge_id":101,"user_id":236,"team_id":null},{"id":2456,"challenge_id":89,"user_id":283,"team_id":null},{"id":2459,"challenge_id":102,"user_id":239,"team_id":null},{"id":2461,"challenge_id":96,"user_id":224,"team_id":null},{"id":2465,"challenge_id":96,"user_id":259,"team_id":null},{"id":2466,"challenge_id":100,"user_id":236,"team_id":null},{"id":2471,"challenge_id":98,"user_id":259,"team_id":null},{"id":2472,"challenge_id":114,"user_id":163,"team_id":null},{"id":2475,"challenge_id":112,"user_id":280,"team_id":null},{"id":2477,"challenge_id":96,"user_id":281,"team_id":null},{"id":2478,"challenge_id":98,"user_id":224,"team_id":null},{"id":2479,"challenge_id":100,"user_id":282,"team_id":null},{"id":2482,"challenge_id":94,"user_id":190,"team_id":null},{"id":2483,"challenge_id":90,"user_id":283,"team_id":null},{"id":2484,"challenge_id":99,"user_id":224,"team_id":null},{"id":2487,"challenge_id":112,"user_id":237,"team_id":null},{"id":2488,"challenge_id":103,"user_id":215,"team_id":null},{"id":2490,"challenge_id":100,"user_id":224,"team_id":null},{"id":2492,"challenge_id":99,"user_id":236,"team_id":null},{"id":2493,"challenge_id":100,"user_id":259,"team_id":null},{"id":2495,"challenge_id":103,"user_id":143,"team_id":null},{"id":2496,"challenge_id":99,"user_id":259,"team_id":null},{"id":2497,"challenge_id":101,"user_id":224,"team_id":null},{"id":2498,"challenge_id":94,"user_id":170,"team_id":null},{"id":2499,"challenge_id":102,"user_id":236,"team_id":null},{"id":2500,"challenge_id":101,"user_id":259,"team_id":null},{"id":2501,"challenge_id":96,"user_id":170,"team_id":null},{"id":2503,"challenge_id":92,"user_id":285,"team_id":null},{"id":2504,"challenge_id":110,"user_id":246,"team_id":null},{"id":2505,"challenge_id":104,"user_id":173,"team_id":null},{"id":2506,"challenge_id":102,"user_id":259,"team_id":null},{"id":2507,"challenge_id":98,"user_id":170,"team_id":null},{"id":2508,"challenge_id":102,"user_id":224,"team_id":null},{"id":2509,"challenge_id":106,"user_id":190,"team_id":null},{"id":2511,"challenge_id":103,"user_id":280,"team_id":null},{"id":2514,"challenge_id":102,"user_id":282,"team_id":null},{"id":2515,"challenge_id":103,"user_id":259,"team_id":null},{"id":2516,"challenge_id":103,"user_id":224,"team_id":null},{"id":2517,"challenge_id":92,"user_id":221,"team_id":null},{"id":2520,"challenge_id":102,"user_id":279,"team_id":null},{"id":2521,"challenge_id":110,"user_id":223,"team_id":null},{"id":2522,"challenge_id":99,"user_id":170,"team_id":null},{"id":2524,"challenge_id":98,"user_id":247,"team_id":null},{"id":2525,"challenge_id":99,"user_id":247,"team_id":null},{"id":2526,"challenge_id":107,"user_id":221,"team_id":null},{"id":2528,"challenge_id":100,"user_id":279,"team_id":null},{"id":2531,"challenge_id":101,"user_id":247,"team_id":null},{"id":2532,"challenge_id":99,"user_id":279,"team_id":null},{"id":2534,"challenge_id":101,"user_id":282,"team_id":null},{"id":2535,"challenge_id":101,"user_id":279,"team_id":null},{"id":2536,"challenge_id":100,"user_id":170,"team_id":null},{"id":2539,"challenge_id":118,"user_id":164,"team_id":null},{"id":2542,"challenge_id":94,"user_id":215,"team_id":null},{"id":2544,"challenge_id":102,"user_id":245,"team_id":null},{"id":2546,"challenge_id":96,"user_id":279,"team_id":null},{"id":2549,"challenge_id":102,"user_id":247,"team_id":null},{"id":2551,"challenge_id":101,"user_id":170,"team_id":null},{"id":2553,"challenge_id":107,"user_id":245,"team_id":null},{"id":2554,"challenge_id":96,"user_id":127,"team_id":null},{"id":2555,"challenge_id":107,"user_id":285,"team_id":null},{"id":2556,"challenge_id":107,"user_id":198,"team_id":null},{"id":2557,"challenge_id":100,"user_id":247,"team_id":null},{"id":2558,"challenge_id":87,"user_id":280,"team_id":null},{"id":2559,"challenge_id":87,"user_id":224,"team_id":null},{"id":2560,"challenge_id":87,"user_id":259,"team_id":null},{"id":2561,"challenge_id":87,"user_id":146,"team_id":null},{"id":2562,"challenge_id":87,"user_id":126,"team_id":null},{"id":2564,"challenge_id":110,"user_id":151,"team_id":null},{"id":2565,"challenge_id":103,"user_id":170,"team_id":null},{"id":2567,"challenge_id":114,"user_id":219,"team_id":null},{"id":2571,"challenge_id":96,"user_id":142,"team_id":null},{"id":2572,"challenge_id":110,"user_id":133,"team_id":null},{"id":2575,"challenge_id":92,"user_id":134,"team_id":null},{"id":2576,"challenge_id":94,"user_id":153,"team_id":null},{"id":2580,"challenge_id":101,"user_id":178,"team_id":null},{"id":2581,"challenge_id":107,"user_id":247,"team_id":null},{"id":2583,"challenge_id":99,"user_id":178,"team_id":null},{"id":2584,"challenge_id":103,"user_id":279,"team_id":null},{"id":2587,"challenge_id":103,"user_id":134,"team_id":null},{"id":2591,"challenge_id":87,"user_id":170,"team_id":null},{"id":2592,"challenge_id":110,"user_id":181,"team_id":null},{"id":2594,"challenge_id":102,"user_id":178,"team_id":null},{"id":2595,"challenge_id":96,"user_id":221,"team_id":null},{"id":2596,"challenge_id":107,"user_id":124,"team_id":null},{"id":2598,"challenge_id":94,"user_id":272,"team_id":null},{"id":2599,"challenge_id":94,"user_id":280,"team_id":null},{"id":2600,"challenge_id":102,"user_id":170,"team_id":null},{"id":2601,"challenge_id":111,"user_id":151,"team_id":null},{"id":2602,"challenge_id":76,"user_id":265,"team_id":null},{"id":2603,"challenge_id":111,"user_id":183,"team_id":null},{"id":2604,"challenge_id":76,"user_id":223,"team_id":null},{"id":2605,"challenge_id":101,"user_id":239,"team_id":null},{"id":2607,"challenge_id":112,"user_id":246,"team_id":null},{"id":2610,"challenge_id":111,"user_id":133,"team_id":null},{"id":2611,"challenge_id":87,"user_id":223,"team_id":null},{"id":2613,"challenge_id":104,"user_id":276,"team_id":null},{"id":2615,"challenge_id":87,"user_id":246,"team_id":null},{"id":2616,"challenge_id":108,"user_id":223,"team_id":null},{"id":2618,"challenge_id":108,"user_id":259,"team_id":null},{"id":2619,"challenge_id":98,"user_id":251,"team_id":null},{"id":2620,"challenge_id":92,"user_id":180,"team_id":null},{"id":2621,"challenge_id":114,"user_id":226,"team_id":null},{"id":2622,"challenge_id":114,"user_id":133,"team_id":null},{"id":2623,"challenge_id":96,"user_id":285,"team_id":null},{"id":2624,"challenge_id":94,"user_id":236,"team_id":null},{"id":2625,"challenge_id":107,"user_id":180,"team_id":null},{"id":2626,"challenge_id":98,"user_id":281,"team_id":null},{"id":2628,"challenge_id":94,"user_id":183,"team_id":null},{"id":2629,"challenge_id":96,"user_id":216,"team_id":null},{"id":2631,"challenge_id":110,"user_id":131,"team_id":null},{"id":2634,"challenge_id":112,"user_id":140,"team_id":null},{"id":2635,"challenge_id":114,"user_id":131,"team_id":null},{"id":2637,"challenge_id":103,"user_id":285,"team_id":null},{"id":2638,"challenge_id":103,"user_id":163,"team_id":null},{"id":2639,"challenge_id":99,"user_id":281,"team_id":null},{"id":2640,"challenge_id":87,"user_id":140,"team_id":null},{"id":2643,"challenge_id":98,"user_id":142,"team_id":null},{"id":2644,"challenge_id":101,"user_id":251,"team_id":null},{"id":2645,"challenge_id":110,"user_id":140,"team_id":null},{"id":2648,"challenge_id":112,"user_id":183,"team_id":null},{"id":2649,"challenge_id":100,"user_id":281,"team_id":null},{"id":2651,"challenge_id":100,"user_id":251,"team_id":null},{"id":2652,"challenge_id":103,"user_id":191,"team_id":null},{"id":2653,"challenge_id":101,"user_id":281,"team_id":null},{"id":2654,"challenge_id":92,"user_id":121,"team_id":null},{"id":2656,"challenge_id":98,"user_id":183,"team_id":null},{"id":2657,"challenge_id":102,"user_id":281,"team_id":null},{"id":2658,"challenge_id":92,"user_id":150,"team_id":null},{"id":2661,"challenge_id":101,"user_id":183,"team_id":null},{"id":2662,"challenge_id":110,"user_id":170,"team_id":null},{"id":2665,"challenge_id":100,"user_id":142,"team_id":null},{"id":2667,"challenge_id":111,"user_id":213,"team_id":null},{"id":2670,"challenge_id":114,"user_id":237,"team_id":null},{"id":2671,"challenge_id":78,"user_id":257,"team_id":null},{"id":2672,"challenge_id":107,"user_id":150,"team_id":null},{"id":2674,"challenge_id":108,"user_id":170,"team_id":null},{"id":2675,"challenge_id":114,"user_id":236,"team_id":null},{"id":2679,"challenge_id":102,"user_id":142,"team_id":null},{"id":2680,"challenge_id":106,"user_id":203,"team_id":null},{"id":2681,"challenge_id":87,"user_id":279,"team_id":null},{"id":2682,"challenge_id":92,"user_id":149,"team_id":null},{"id":2683,"challenge_id":96,"user_id":233,"team_id":null},{"id":2684,"challenge_id":87,"user_id":277,"team_id":null},{"id":2685,"challenge_id":112,"user_id":190,"team_id":null},{"id":2686,"challenge_id":99,"user_id":142,"team_id":null},{"id":2688,"challenge_id":109,"user_id":193,"team_id":null},{"id":2690,"challenge_id":101,"user_id":142,"team_id":null},{"id":2691,"challenge_id":111,"user_id":193,"team_id":null},{"id":2693,"challenge_id":94,"user_id":191,"team_id":null},{"id":2695,"challenge_id":98,"user_id":216,"team_id":null},{"id":2697,"challenge_id":112,"user_id":193,"team_id":null},{"id":2701,"challenge_id":90,"user_id":193,"team_id":null},{"id":2703,"challenge_id":110,"user_id":139,"team_id":null},{"id":2704,"challenge_id":99,"user_id":216,"team_id":null},{"id":2707,"challenge_id":110,"user_id":197,"team_id":null},{"id":2709,"challenge_id":94,"user_id":132,"team_id":null},{"id":2712,"challenge_id":103,"user_id":233,"team_id":null},{"id":2713,"challenge_id":96,"user_id":164,"team_id":null},{"id":2715,"challenge_id":98,"user_id":164,"team_id":null},{"id":2716,"challenge_id":99,"user_id":164,"team_id":null},{"id":2717,"challenge_id":98,"user_id":226,"team_id":null},{"id":2718,"challenge_id":100,"user_id":164,"team_id":null},{"id":2719,"challenge_id":101,"user_id":164,"team_id":null},{"id":2720,"challenge_id":102,"user_id":164,"team_id":null},{"id":2721,"challenge_id":98,"user_id":124,"team_id":null},{"id":2723,"challenge_id":112,"user_id":137,"team_id":null},{"id":2725,"challenge_id":110,"user_id":164,"team_id":null},{"id":2728,"challenge_id":112,"user_id":231,"team_id":null},{"id":2729,"challenge_id":114,"user_id":183,"team_id":null},{"id":2730,"challenge_id":96,"user_id":252,"team_id":null},{"id":2732,"challenge_id":108,"user_id":224,"team_id":null},{"id":2733,"challenge_id":100,"user_id":124,"team_id":null},{"id":2736,"challenge_id":89,"user_id":246,"team_id":null},{"id":2737,"challenge_id":101,"user_id":226,"team_id":null},{"id":2738,"challenge_id":92,"user_id":186,"team_id":null},{"id":2742,"challenge_id":110,"user_id":259,"team_id":null},{"id":2744,"challenge_id":102,"user_id":226,"team_id":null},{"id":2745,"challenge_id":110,"user_id":224,"team_id":null},{"id":2748,"challenge_id":102,"user_id":124,"team_id":null},{"id":2754,"challenge_id":92,"user_id":159,"team_id":null},{"id":2755,"challenge_id":99,"user_id":124,"team_id":null},{"id":2757,"challenge_id":92,"user_id":160,"team_id":null},{"id":2758,"challenge_id":92,"user_id":287,"team_id":null},{"id":2759,"challenge_id":114,"user_id":180,"team_id":null},{"id":2761,"challenge_id":96,"user_id":232,"team_id":null},{"id":2762,"challenge_id":89,"user_id":277,"team_id":null},{"id":2765,"challenge_id":92,"user_id":135,"team_id":null},{"id":2768,"challenge_id":107,"user_id":186,"team_id":null},{"id":2769,"challenge_id":110,"user_id":127,"team_id":null},{"id":2770,"challenge_id":76,"user_id":177,"team_id":null},{"id":2771,"challenge_id":101,"user_id":124,"team_id":null},{"id":2776,"challenge_id":90,"user_id":277,"team_id":null},{"id":2777,"challenge_id":101,"user_id":153,"team_id":null},{"id":2778,"challenge_id":98,"user_id":252,"team_id":null},{"id":2779,"challenge_id":89,"user_id":140,"team_id":null},{"id":2780,"challenge_id":100,"user_id":153,"team_id":null},{"id":2781,"challenge_id":94,"user_id":168,"team_id":null},{"id":2782,"challenge_id":94,"user_id":265,"team_id":null},{"id":2783,"challenge_id":110,"user_id":202,"team_id":null},{"id":2784,"challenge_id":100,"user_id":226,"team_id":null},{"id":2785,"challenge_id":111,"user_id":202,"team_id":null},{"id":2788,"challenge_id":102,"user_id":251,"team_id":null},{"id":2789,"challenge_id":76,"user_id":202,"team_id":null},{"id":2790,"challenge_id":109,"user_id":202,"team_id":null},{"id":2791,"challenge_id":99,"user_id":226,"team_id":null},{"id":2792,"challenge_id":99,"user_id":251,"team_id":null},{"id":2794,"challenge_id":106,"user_id":191,"team_id":null},{"id":2796,"challenge_id":112,"user_id":223,"team_id":null},{"id":2805,"challenge_id":91,"user_id":277,"team_id":null},{"id":2806,"challenge_id":91,"user_id":232,"team_id":null},{"id":2807,"challenge_id":106,"user_id":265,"team_id":null},{"id":2809,"challenge_id":112,"user_id":170,"team_id":null},{"id":2810,"challenge_id":100,"user_id":147,"team_id":null},{"id":2811,"challenge_id":112,"user_id":241,"team_id":null},{"id":2812,"challenge_id":94,"user_id":223,"team_id":null},{"id":2813,"challenge_id":92,"user_id":204,"team_id":null},{"id":2814,"challenge_id":92,"user_id":158,"team_id":null},{"id":2815,"challenge_id":110,"user_id":241,"team_id":null},{"id":2816,"challenge_id":110,"user_id":266,"team_id":null},{"id":2817,"challenge_id":106,"user_id":262,"team_id":null},{"id":2819,"challenge_id":96,"user_id":186,"team_id":null},{"id":2820,"challenge_id":112,"user_id":164,"team_id":null},{"id":2826,"challenge_id":107,"user_id":118,"team_id":null},{"id":2827,"challenge_id":92,"user_id":290,"team_id":null},{"id":2828,"challenge_id":118,"user_id":231,"team_id":null},{"id":2830,"challenge_id":92,"user_id":118,"team_id":null},{"id":2831,"challenge_id":114,"user_id":137,"team_id":null},{"id":2832,"challenge_id":110,"user_id":247,"team_id":null},{"id":2838,"challenge_id":112,"user_id":132,"team_id":null},{"id":2839,"challenge_id":96,"user_id":241,"team_id":null},{"id":2840,"challenge_id":107,"user_id":290,"team_id":null},{"id":2841,"challenge_id":90,"user_id":246,"team_id":null},{"id":2843,"challenge_id":106,"user_id":223,"team_id":null},{"id":2848,"challenge_id":98,"user_id":241,"team_id":null},{"id":2850,"challenge_id":99,"user_id":241,"team_id":null},{"id":2852,"challenge_id":119,"user_id":128,"team_id":null},{"id":2861,"challenge_id":96,"user_id":133,"team_id":null},{"id":2864,"challenge_id":112,"user_id":180,"team_id":null},{"id":2865,"challenge_id":118,"user_id":237,"team_id":null},{"id":2866,"challenge_id":96,"user_id":290,"team_id":null},{"id":2867,"challenge_id":76,"user_id":151,"team_id":null},{"id":2869,"challenge_id":96,"user_id":209,"team_id":null},{"id":2871,"challenge_id":92,"user_id":175,"team_id":null},{"id":2874,"challenge_id":78,"user_id":190,"team_id":null},{"id":2875,"challenge_id":101,"user_id":241,"team_id":null},{"id":2877,"challenge_id":94,"user_id":175,"team_id":null},{"id":2883,"challenge_id":96,"user_id":197,"team_id":null},{"id":2886,"challenge_id":98,"user_id":197,"team_id":null},{"id":2887,"challenge_id":112,"user_id":224,"team_id":null},{"id":2888,"challenge_id":96,"user_id":277,"team_id":null},{"id":2889,"challenge_id":110,"user_id":210,"team_id":null},{"id":2890,"challenge_id":99,"user_id":197,"team_id":null},{"id":2891,"challenge_id":112,"user_id":259,"team_id":null},{"id":2892,"challenge_id":114,"user_id":132,"team_id":null},{"id":2895,"challenge_id":100,"user_id":241,"team_id":null},{"id":2900,"challenge_id":114,"user_id":175,"team_id":null},{"id":2902,"challenge_id":87,"user_id":290,"team_id":null},{"id":2906,"challenge_id":112,"user_id":163,"team_id":null},{"id":2907,"challenge_id":100,"user_id":197,"team_id":null},{"id":2908,"challenge_id":98,"user_id":95,"team_id":null},{"id":2910,"challenge_id":103,"user_id":211,"team_id":null},{"id":2912,"challenge_id":103,"user_id":290,"team_id":null},{"id":2913,"challenge_id":102,"user_id":197,"team_id":null},{"id":2915,"challenge_id":107,"user_id":225,"team_id":null},{"id":2918,"challenge_id":92,"user_id":261,"team_id":null},{"id":2919,"challenge_id":98,"user_id":221,"team_id":null},{"id":2921,"challenge_id":92,"user_id":291,"team_id":null},{"id":2923,"challenge_id":111,"user_id":265,"team_id":null},{"id":2926,"challenge_id":96,"user_id":225,"team_id":null},{"id":2929,"challenge_id":99,"user_id":221,"team_id":null},{"id":2930,"challenge_id":107,"user_id":291,"team_id":null},{"id":2931,"challenge_id":110,"user_id":190,"team_id":null},{"id":2934,"challenge_id":111,"user_id":223,"team_id":null},{"id":2936,"challenge_id":94,"user_id":147,"team_id":null},{"id":2940,"challenge_id":112,"user_id":239,"team_id":null},{"id":2941,"challenge_id":111,"user_id":143,"team_id":null},{"id":2942,"challenge_id":90,"user_id":140,"team_id":null},{"id":2945,"challenge_id":92,"user_id":91,"team_id":null},{"id":2947,"challenge_id":107,"user_id":149,"team_id":null},{"id":2949,"challenge_id":111,"user_id":181,"team_id":null},{"id":2950,"challenge_id":101,"user_id":197,"team_id":null},{"id":2953,"challenge_id":112,"user_id":210,"team_id":null},{"id":2954,"challenge_id":100,"user_id":221,"team_id":null},{"id":2955,"challenge_id":102,"user_id":241,"team_id":null},{"id":2967,"challenge_id":111,"user_id":241,"team_id":null},{"id":2972,"challenge_id":96,"user_id":261,"team_id":null},{"id":2976,"challenge_id":107,"user_id":261,"team_id":null},{"id":2977,"challenge_id":114,"user_id":148,"team_id":null},{"id":2978,"challenge_id":98,"user_id":225,"team_id":null},{"id":2979,"challenge_id":99,"user_id":225,"team_id":null},{"id":2980,"challenge_id":96,"user_id":149,"team_id":null},{"id":2982,"challenge_id":119,"user_id":259,"team_id":null},{"id":2988,"challenge_id":87,"user_id":281,"team_id":null},{"id":2992,"challenge_id":104,"user_id":279,"team_id":null},{"id":2993,"challenge_id":101,"user_id":225,"team_id":null},{"id":2995,"challenge_id":98,"user_id":149,"team_id":null},{"id":2996,"challenge_id":76,"user_id":193,"team_id":null},{"id":2997,"challenge_id":103,"user_id":281,"team_id":null},{"id":2998,"challenge_id":106,"user_id":259,"team_id":null},{"id":3002,"challenge_id":118,"user_id":222,"team_id":null},{"id":3003,"challenge_id":103,"user_id":238,"team_id":null},{"id":3004,"challenge_id":92,"user_id":292,"team_id":null},{"id":3005,"challenge_id":114,"user_id":95,"team_id":null},{"id":3006,"challenge_id":107,"user_id":292,"team_id":null},{"id":3007,"challenge_id":104,"user_id":177,"team_id":null},{"id":3008,"challenge_id":103,"user_id":244,"team_id":null},{"id":3009,"challenge_id":112,"user_id":197,"team_id":null},{"id":3011,"challenge_id":114,"user_id":292,"team_id":null},{"id":3013,"challenge_id":98,"user_id":193,"team_id":null},{"id":3014,"challenge_id":99,"user_id":193,"team_id":null},{"id":3018,"challenge_id":107,"user_id":134,"team_id":null},{"id":3020,"challenge_id":96,"user_id":175,"team_id":null},{"id":3024,"challenge_id":96,"user_id":134,"team_id":null},{"id":3025,"challenge_id":101,"user_id":193,"team_id":null},{"id":3026,"challenge_id":92,"user_id":184,"team_id":null},{"id":3027,"challenge_id":76,"user_id":143,"team_id":null},{"id":3031,"challenge_id":87,"user_id":238,"team_id":null},{"id":3032,"challenge_id":98,"user_id":134,"team_id":null},{"id":3033,"challenge_id":114,"user_id":169,"team_id":null},{"id":3038,"challenge_id":101,"user_id":134,"team_id":null},{"id":3039,"challenge_id":100,"user_id":149,"team_id":null},{"id":3040,"challenge_id":107,"user_id":238,"team_id":null},{"id":3045,"challenge_id":114,"user_id":250,"team_id":null},{"id":3048,"challenge_id":98,"user_id":261,"team_id":null},{"id":3049,"challenge_id":106,"user_id":224,"team_id":null},{"id":3052,"challenge_id":92,"user_id":293,"team_id":null},{"id":3053,"challenge_id":119,"user_id":224,"team_id":null},{"id":3055,"challenge_id":103,"user_id":198,"team_id":null},{"id":3056,"challenge_id":118,"user_id":95,"team_id":null},{"id":3057,"challenge_id":114,"user_id":159,"team_id":null},{"id":3059,"challenge_id":103,"user_id":175,"team_id":null},{"id":3061,"challenge_id":76,"user_id":247,"team_id":null},{"id":3062,"challenge_id":100,"user_id":134,"team_id":null},{"id":3064,"challenge_id":101,"user_id":261,"team_id":null},{"id":3067,"challenge_id":103,"user_id":251,"team_id":null},{"id":3069,"challenge_id":100,"user_id":261,"team_id":null},{"id":3070,"challenge_id":102,"user_id":193,"team_id":null},{"id":3074,"challenge_id":96,"user_id":243,"team_id":null},{"id":3076,"challenge_id":107,"user_id":175,"team_id":null},{"id":3078,"challenge_id":99,"user_id":261,"team_id":null},{"id":3081,"challenge_id":114,"user_id":160,"team_id":null},{"id":3083,"challenge_id":102,"user_id":149,"team_id":null},{"id":3084,"challenge_id":98,"user_id":243,"team_id":null},{"id":3090,"challenge_id":99,"user_id":134,"team_id":null},{"id":3091,"challenge_id":94,"user_id":143,"team_id":null},{"id":3092,"challenge_id":102,"user_id":134,"team_id":null},{"id":3093,"challenge_id":107,"user_id":293,"team_id":null},{"id":3094,"challenge_id":99,"user_id":149,"team_id":null},{"id":3095,"challenge_id":96,"user_id":293,"team_id":null},{"id":3096,"challenge_id":96,"user_id":180,"team_id":null},{"id":3097,"challenge_id":106,"user_id":143,"team_id":null},{"id":3098,"challenge_id":87,"user_id":199,"team_id":null},{"id":3100,"challenge_id":98,"user_id":180,"team_id":null},{"id":3103,"challenge_id":99,"user_id":180,"team_id":null},{"id":3104,"challenge_id":104,"user_id":142,"team_id":null},{"id":3116,"challenge_id":101,"user_id":149,"team_id":null},{"id":3120,"challenge_id":98,"user_id":293,"team_id":null},{"id":3122,"challenge_id":99,"user_id":293,"team_id":null},{"id":3125,"challenge_id":102,"user_id":180,"team_id":null},{"id":3126,"challenge_id":88,"user_id":168,"team_id":null},{"id":3127,"challenge_id":100,"user_id":293,"team_id":null},{"id":3129,"challenge_id":114,"user_id":208,"team_id":null},{"id":3131,"challenge_id":100,"user_id":180,"team_id":null},{"id":3134,"challenge_id":101,"user_id":180,"team_id":null},{"id":3137,"challenge_id":102,"user_id":261,"team_id":null},{"id":3138,"challenge_id":87,"user_id":142,"team_id":null},{"id":3139,"challenge_id":103,"user_id":180,"team_id":null},{"id":3140,"challenge_id":103,"user_id":199,"team_id":null},{"id":3149,"challenge_id":102,"user_id":293,"team_id":null},{"id":3150,"challenge_id":92,"user_id":294,"team_id":null},{"id":3152,"challenge_id":87,"user_id":257,"team_id":null},{"id":3153,"challenge_id":92,"user_id":144,"team_id":null},{"id":3154,"challenge_id":76,"user_id":131,"team_id":null},{"id":3155,"challenge_id":103,"user_id":137,"team_id":null},{"id":3156,"challenge_id":103,"user_id":257,"team_id":null},{"id":3157,"challenge_id":104,"user_id":208,"team_id":null},{"id":3159,"challenge_id":107,"user_id":294,"team_id":null},{"id":3160,"challenge_id":103,"user_id":292,"team_id":null},{"id":3164,"challenge_id":108,"user_id":143,"team_id":null},{"id":3165,"challenge_id":104,"user_id":180,"team_id":null},{"id":3166,"challenge_id":103,"user_id":294,"team_id":null},{"id":3167,"challenge_id":95,"user_id":143,"team_id":null},{"id":3176,"challenge_id":96,"user_id":253,"team_id":null},{"id":3187,"challenge_id":104,"user_id":257,"team_id":null},{"id":3188,"challenge_id":92,"user_id":295,"team_id":null},{"id":3191,"challenge_id":89,"user_id":142,"team_id":null},{"id":3192,"challenge_id":87,"user_id":180,"team_id":null},{"id":3194,"challenge_id":75,"user_id":151,"team_id":null},{"id":3195,"challenge_id":96,"user_id":144,"team_id":null},{"id":3196,"challenge_id":90,"user_id":142,"team_id":null},{"id":3197,"challenge_id":98,"user_id":144,"team_id":null},{"id":3201,"challenge_id":76,"user_id":224,"team_id":null},{"id":3202,"challenge_id":99,"user_id":144,"team_id":null},{"id":3203,"challenge_id":92,"user_id":296,"team_id":null},{"id":3204,"challenge_id":106,"user_id":170,"team_id":null},{"id":3205,"challenge_id":78,"user_id":202,"team_id":null},{"id":3208,"challenge_id":109,"user_id":265,"team_id":null},{"id":3209,"challenge_id":76,"user_id":181,"team_id":null},{"id":3215,"challenge_id":114,"user_id":107,"team_id":null},{"id":3216,"challenge_id":102,"user_id":144,"team_id":null},{"id":3217,"challenge_id":76,"user_id":183,"team_id":null},{"id":3218,"challenge_id":100,"user_id":144,"team_id":null},{"id":3219,"challenge_id":114,"user_id":291,"team_id":null},{"id":3221,"challenge_id":119,"user_id":164,"team_id":null},{"id":3222,"challenge_id":87,"user_id":243,"team_id":null},{"id":3223,"challenge_id":118,"user_id":291,"team_id":null},{"id":3225,"challenge_id":77,"user_id":257,"team_id":null},{"id":3226,"challenge_id":87,"user_id":143,"team_id":null},{"id":3228,"challenge_id":87,"user_id":211,"team_id":null},{"id":3230,"challenge_id":112,"user_id":292,"team_id":null},{"id":3232,"challenge_id":76,"user_id":213,"team_id":null},{"id":3234,"challenge_id":92,"user_id":297,"team_id":null},{"id":3235,"challenge_id":107,"user_id":297,"team_id":null},{"id":3236,"challenge_id":96,"user_id":292,"team_id":null},{"id":3237,"challenge_id":87,"user_id":147,"team_id":null},{"id":3238,"challenge_id":94,"user_id":144,"team_id":null},{"id":3239,"challenge_id":98,"user_id":292,"team_id":null},{"id":3240,"challenge_id":96,"user_id":297,"team_id":null},{"id":3243,"challenge_id":98,"user_id":297,"team_id":null},{"id":3247,"challenge_id":102,"user_id":292,"team_id":null},{"id":3248,"challenge_id":92,"user_id":248,"team_id":null},{"id":3250,"challenge_id":103,"user_id":133,"team_id":null},{"id":3251,"challenge_id":99,"user_id":297,"team_id":null},{"id":3252,"challenge_id":87,"user_id":198,"team_id":null},{"id":3254,"challenge_id":92,"user_id":194,"team_id":null},{"id":3260,"challenge_id":106,"user_id":168,"team_id":null},{"id":3263,"challenge_id":87,"user_id":293,"team_id":null},{"id":3264,"challenge_id":107,"user_id":277,"team_id":null},{"id":3273,"challenge_id":101,"user_id":297,"team_id":null},{"id":3276,"challenge_id":103,"user_id":293,"team_id":null},{"id":3277,"challenge_id":114,"user_id":194,"team_id":null},{"id":3278,"challenge_id":76,"user_id":197,"team_id":null},{"id":3282,"challenge_id":100,"user_id":178,"team_id":null},{"id":3286,"challenge_id":88,"user_id":223,"team_id":null},{"id":3287,"challenge_id":94,"user_id":295,"team_id":null},{"id":3291,"challenge_id":103,"user_id":178,"team_id":null},{"id":3293,"challenge_id":114,"user_id":244,"team_id":null},{"id":3295,"challenge_id":102,"user_id":297,"team_id":null},{"id":3296,"challenge_id":114,"user_id":293,"team_id":null},{"id":3297,"challenge_id":99,"user_id":292,"team_id":null},{"id":3300,"challenge_id":100,"user_id":297,"team_id":null},{"id":3301,"challenge_id":110,"user_id":134,"team_id":null},{"id":3304,"challenge_id":101,"user_id":292,"team_id":null},{"id":3311,"challenge_id":114,"user_id":295,"team_id":null},{"id":3312,"challenge_id":94,"user_id":134,"team_id":null},{"id":3314,"challenge_id":100,"user_id":292,"team_id":null},{"id":3317,"challenge_id":114,"user_id":265,"team_id":null},{"id":3319,"challenge_id":109,"user_id":296,"team_id":null},{"id":3320,"challenge_id":104,"user_id":277,"team_id":null},{"id":3321,"challenge_id":103,"user_id":164,"team_id":null},{"id":3322,"challenge_id":107,"user_id":144,"team_id":null},{"id":3323,"challenge_id":110,"user_id":213,"team_id":null},{"id":3324,"challenge_id":104,"user_id":232,"team_id":null},{"id":3325,"challenge_id":101,"user_id":144,"team_id":null},{"id":3326,"challenge_id":89,"user_id":211,"team_id":null},{"id":3327,"challenge_id":110,"user_id":250,"team_id":null},{"id":3329,"challenge_id":92,"user_id":119,"team_id":null},{"id":3330,"challenge_id":87,"user_id":164,"team_id":null},{"id":3331,"challenge_id":112,"user_id":257,"team_id":null},{"id":3332,"challenge_id":103,"user_id":277,"team_id":null},{"id":3333,"challenge_id":103,"user_id":232,"team_id":null},{"id":3334,"challenge_id":118,"user_id":293,"team_id":null},{"id":3335,"challenge_id":109,"user_id":143,"team_id":null},{"id":3337,"challenge_id":75,"user_id":143,"team_id":null},{"id":3339,"challenge_id":89,"user_id":198,"team_id":null},{"id":3340,"challenge_id":107,"user_id":213,"team_id":null},{"id":3341,"challenge_id":107,"user_id":284,"team_id":null},{"id":3342,"challenge_id":112,"user_id":131,"team_id":null},{"id":3347,"challenge_id":89,"user_id":143,"team_id":null},{"id":3349,"challenge_id":92,"user_id":284,"team_id":null},{"id":3355,"challenge_id":90,"user_id":143,"team_id":null},{"id":3356,"challenge_id":96,"user_id":294,"team_id":null},{"id":3357,"challenge_id":107,"user_id":266,"team_id":null},{"id":3358,"challenge_id":75,"user_id":181,"team_id":null},{"id":3361,"challenge_id":87,"user_id":217,"team_id":null},{"id":3362,"challenge_id":89,"user_id":164,"team_id":null},{"id":3363,"challenge_id":88,"user_id":285,"team_id":null},{"id":3371,"challenge_id":104,"user_id":296,"team_id":null},{"id":3373,"challenge_id":100,"user_id":257,"team_id":null},{"id":3374,"challenge_id":89,"user_id":224,"team_id":null},{"id":3375,"challenge_id":77,"user_id":202,"team_id":null},{"id":3376,"challenge_id":104,"user_id":143,"team_id":null},{"id":3381,"challenge_id":107,"user_id":262,"team_id":null},{"id":3385,"challenge_id":84,"user_id":190,"team_id":null},{"id":3389,"challenge_id":114,"user_id":297,"team_id":null},{"id":3392,"challenge_id":89,"user_id":217,"team_id":null},{"id":3398,"challenge_id":114,"user_id":277,"team_id":null},{"id":3400,"challenge_id":90,"user_id":217,"team_id":null},{"id":3401,"challenge_id":96,"user_id":160,"team_id":null},{"id":3403,"challenge_id":98,"user_id":160,"team_id":null},{"id":3404,"challenge_id":114,"user_id":232,"team_id":null},{"id":3405,"challenge_id":87,"user_id":137,"team_id":null},{"id":3406,"challenge_id":99,"user_id":280,"team_id":null},{"id":3409,"challenge_id":99,"user_id":160,"team_id":null},{"id":3410,"challenge_id":101,"user_id":280,"team_id":null},{"id":3414,"challenge_id":94,"user_id":124,"team_id":null},{"id":3416,"challenge_id":92,"user_id":207,"team_id":null},{"id":3419,"challenge_id":109,"user_id":151,"team_id":null},{"id":3420,"challenge_id":99,"user_id":243,"team_id":null},{"id":3423,"challenge_id":76,"user_id":257,"team_id":null},{"id":3430,"challenge_id":94,"user_id":193,"team_id":null},{"id":3434,"challenge_id":102,"user_id":280,"team_id":null},{"id":3435,"challenge_id":101,"user_id":243,"team_id":null},{"id":3439,"challenge_id":100,"user_id":280,"team_id":null},{"id":3443,"challenge_id":109,"user_id":223,"team_id":null},{"id":3444,"challenge_id":107,"user_id":194,"team_id":null},{"id":3445,"challenge_id":92,"user_id":171,"team_id":null},{"id":3447,"challenge_id":106,"user_id":193,"team_id":null},{"id":3448,"challenge_id":114,"user_id":280,"team_id":null},{"id":3451,"challenge_id":102,"user_id":160,"team_id":null},{"id":3452,"challenge_id":110,"user_id":257,"team_id":null},{"id":3453,"challenge_id":118,"user_id":232,"team_id":null},{"id":3454,"challenge_id":101,"user_id":160,"team_id":null},{"id":3455,"challenge_id":89,"user_id":137,"team_id":null},{"id":3457,"challenge_id":88,"user_id":143,"team_id":null},{"id":3458,"challenge_id":96,"user_id":283,"team_id":null},{"id":3459,"challenge_id":90,"user_id":137,"team_id":null},{"id":3460,"challenge_id":110,"user_id":123,"team_id":null},{"id":3464,"challenge_id":87,"user_id":207,"team_id":null},{"id":3466,"challenge_id":90,"user_id":164,"team_id":null},{"id":3467,"challenge_id":76,"user_id":241,"team_id":null},{"id":3469,"challenge_id":110,"user_id":240,"team_id":null},{"id":3475,"challenge_id":107,"user_id":249,"team_id":null},{"id":3477,"challenge_id":100,"user_id":243,"team_id":null},{"id":3478,"challenge_id":88,"user_id":190,"team_id":null},{"id":3481,"challenge_id":92,"user_id":249,"team_id":null},{"id":3485,"challenge_id":103,"user_id":241,"team_id":null},{"id":3512,"challenge_id":76,"user_id":134,"team_id":null},{"id":3526,"challenge_id":92,"user_id":299,"team_id":null},{"id":3527,"challenge_id":104,"user_id":224,"team_id":null},{"id":3528,"challenge_id":110,"user_id":293,"team_id":null},{"id":3531,"challenge_id":90,"user_id":224,"team_id":null},{"id":3532,"challenge_id":108,"user_id":257,"team_id":null},{"id":3533,"challenge_id":107,"user_id":295,"team_id":null},{"id":3534,"challenge_id":118,"user_id":280,"team_id":null},{"id":3535,"challenge_id":96,"user_id":202,"team_id":null},{"id":3536,"challenge_id":114,"user_id":181,"team_id":null},{"id":3538,"challenge_id":98,"user_id":202,"team_id":null},{"id":3539,"challenge_id":96,"user_id":295,"team_id":null},{"id":3540,"challenge_id":114,"user_id":184,"team_id":null},{"id":3542,"challenge_id":100,"user_id":202,"team_id":null},{"id":3543,"challenge_id":96,"user_id":229,"team_id":null},{"id":3547,"challenge_id":102,"user_id":202,"team_id":null},{"id":3548,"challenge_id":98,"user_id":295,"team_id":null},{"id":3549,"challenge_id":99,"user_id":202,"team_id":null},{"id":3550,"challenge_id":99,"user_id":295,"team_id":null},{"id":3551,"challenge_id":98,"user_id":229,"team_id":null},{"id":3553,"challenge_id":99,"user_id":229,"team_id":null},{"id":3556,"challenge_id":87,"user_id":183,"team_id":null},{"id":3562,"challenge_id":102,"user_id":229,"team_id":null},{"id":3563,"challenge_id":100,"user_id":295,"team_id":null},{"id":3565,"challenge_id":100,"user_id":229,"team_id":null},{"id":3566,"challenge_id":101,"user_id":202,"team_id":null},{"id":3569,"challenge_id":112,"user_id":293,"team_id":null},{"id":3570,"challenge_id":92,"user_id":300,"team_id":null},{"id":3573,"challenge_id":107,"user_id":299,"team_id":null},{"id":3574,"challenge_id":78,"user_id":223,"team_id":null},{"id":3575,"challenge_id":103,"user_id":261,"team_id":null},{"id":3576,"challenge_id":104,"user_id":281,"team_id":null},{"id":3577,"challenge_id":76,"user_id":144,"team_id":null},{"id":3578,"challenge_id":96,"user_id":299,"team_id":null},{"id":3579,"challenge_id":91,"user_id":283,"team_id":null},{"id":3580,"challenge_id":103,"user_id":202,"team_id":null},{"id":3581,"challenge_id":98,"user_id":299,"team_id":null},{"id":3582,"challenge_id":102,"user_id":295,"team_id":null},{"id":3585,"challenge_id":91,"user_id":224,"team_id":null},{"id":3589,"challenge_id":101,"user_id":299,"team_id":null},{"id":3590,"challenge_id":89,"user_id":183,"team_id":null},{"id":3591,"challenge_id":76,"user_id":190,"team_id":null},{"id":3592,"challenge_id":76,"user_id":293,"team_id":null},{"id":3593,"challenge_id":90,"user_id":183,"team_id":null},{"id":3594,"challenge_id":104,"user_id":202,"team_id":null},{"id":3595,"challenge_id":92,"user_id":301,"team_id":null},{"id":3596,"challenge_id":76,"user_id":162,"team_id":null},{"id":3597,"challenge_id":87,"user_id":244,"team_id":null},{"id":3606,"challenge_id":104,"user_id":134,"team_id":null},{"id":3612,"challenge_id":104,"user_id":144,"team_id":null},{"id":3613,"challenge_id":112,"user_id":277,"team_id":null},{"id":3614,"challenge_id":103,"user_id":144,"team_id":null},{"id":3615,"challenge_id":90,"user_id":211,"team_id":null},{"id":3618,"challenge_id":104,"user_id":241,"team_id":null},{"id":3621,"challenge_id":90,"user_id":198,"team_id":null},{"id":3622,"challenge_id":103,"user_id":299,"team_id":null},{"id":3627,"challenge_id":104,"user_id":133,"team_id":null},{"id":3630,"challenge_id":87,"user_id":134,"team_id":null},{"id":3633,"challenge_id":98,"user_id":213,"team_id":null},{"id":3639,"challenge_id":99,"user_id":213,"team_id":null},{"id":3643,"challenge_id":87,"user_id":144,"team_id":null},{"id":3644,"challenge_id":101,"user_id":213,"team_id":null},{"id":3645,"challenge_id":102,"user_id":213,"team_id":null},{"id":3646,"challenge_id":94,"user_id":180,"team_id":null},{"id":3648,"challenge_id":109,"user_id":181,"team_id":null},{"id":3654,"challenge_id":76,"user_id":123,"team_id":null},{"id":3658,"challenge_id":110,"user_id":277,"team_id":null},{"id":3662,"challenge_id":114,"user_id":151,"team_id":null},{"id":3673,"challenge_id":96,"user_id":284,"team_id":null},{"id":3678,"challenge_id":92,"user_id":302,"team_id":null},{"id":3683,"challenge_id":98,"user_id":283,"team_id":null},{"id":3684,"challenge_id":109,"user_id":183,"team_id":null},{"id":3685,"challenge_id":99,"user_id":283,"team_id":null},{"id":3686,"challenge_id":100,"user_id":283,"team_id":null},{"id":3687,"challenge_id":107,"user_id":302,"team_id":null},{"id":3688,"challenge_id":101,"user_id":283,"team_id":null},{"id":3689,"challenge_id":102,"user_id":283,"team_id":null},{"id":3692,"challenge_id":87,"user_id":201,"team_id":null},{"id":3700,"challenge_id":104,"user_id":164,"team_id":null},{"id":3703,"challenge_id":75,"user_id":223,"team_id":null},{"id":3704,"challenge_id":80,"user_id":190,"team_id":null},{"id":3706,"challenge_id":77,"user_id":181,"team_id":null},{"id":3718,"challenge_id":107,"user_id":283,"team_id":null},{"id":3720,"challenge_id":92,"user_id":303,"team_id":null},{"id":3722,"challenge_id":92,"user_id":286,"team_id":null},{"id":3724,"challenge_id":94,"user_id":222,"team_id":null},{"id":3726,"challenge_id":107,"user_id":303,"team_id":null},{"id":3727,"challenge_id":94,"user_id":149,"team_id":null},{"id":3730,"challenge_id":106,"user_id":222,"team_id":null},{"id":3731,"challenge_id":91,"user_id":164,"team_id":null},{"id":3732,"challenge_id":87,"user_id":172,"team_id":null},{"id":3733,"challenge_id":92,"user_id":304,"team_id":null},{"id":3737,"challenge_id":104,"user_id":223,"team_id":null},{"id":3738,"challenge_id":96,"user_id":300,"team_id":null},{"id":3739,"challenge_id":92,"user_id":305,"team_id":null},{"id":3743,"challenge_id":107,"user_id":305,"team_id":null},{"id":3751,"challenge_id":89,"user_id":201,"team_id":null},{"id":3752,"challenge_id":96,"user_id":303,"team_id":null},{"id":3754,"challenge_id":90,"user_id":201,"team_id":null},{"id":3758,"challenge_id":91,"user_id":201,"team_id":null},{"id":3759,"challenge_id":77,"user_id":164,"team_id":null},{"id":3760,"challenge_id":109,"user_id":134,"team_id":null},{"id":3764,"challenge_id":111,"user_id":257,"team_id":null},{"id":3766,"challenge_id":95,"user_id":262,"team_id":null},{"id":3767,"challenge_id":104,"user_id":147,"team_id":null},{"id":3769,"challenge_id":100,"user_id":299,"team_id":null},{"id":3774,"challenge_id":102,"user_id":299,"team_id":null},{"id":3775,"challenge_id":114,"user_id":173,"team_id":null},{"id":3778,"challenge_id":99,"user_id":299,"team_id":null},{"id":3781,"challenge_id":92,"user_id":120,"team_id":null},{"id":3782,"challenge_id":92,"user_id":307,"team_id":null},{"id":3784,"challenge_id":91,"user_id":183,"team_id":null},{"id":3786,"challenge_id":85,"user_id":168,"team_id":null},{"id":3790,"challenge_id":89,"user_id":223,"team_id":null},{"id":3791,"challenge_id":90,"user_id":223,"team_id":null},{"id":3792,"challenge_id":102,"user_id":147,"team_id":null},{"id":3793,"challenge_id":88,"user_id":224,"team_id":null},{"id":3797,"challenge_id":94,"user_id":173,"team_id":null},{"id":3801,"challenge_id":103,"user_id":149,"team_id":null},{"id":3803,"challenge_id":91,"user_id":223,"team_id":null},{"id":3804,"challenge_id":112,"user_id":281,"team_id":null},{"id":3805,"challenge_id":87,"user_id":284,"team_id":null},{"id":3807,"challenge_id":77,"user_id":151,"team_id":null},{"id":3809,"challenge_id":92,"user_id":306,"team_id":null},{"id":3810,"challenge_id":98,"user_id":305,"team_id":null},{"id":3815,"challenge_id":101,"user_id":305,"team_id":null},{"id":3819,"challenge_id":100,"user_id":305,"team_id":null},{"id":3822,"challenge_id":102,"user_id":183,"team_id":null},{"id":3824,"challenge_id":114,"user_id":307,"team_id":null},{"id":3825,"challenge_id":102,"user_id":305,"team_id":null},{"id":3827,"challenge_id":99,"user_id":305,"team_id":null},{"id":3830,"challenge_id":100,"user_id":183,"team_id":null},{"id":3838,"challenge_id":99,"user_id":183,"team_id":null},{"id":3843,"challenge_id":118,"user_id":307,"team_id":null},{"id":3845,"challenge_id":78,"user_id":224,"team_id":null},{"id":3846,"challenge_id":76,"user_id":277,"team_id":null},{"id":3847,"challenge_id":118,"user_id":277,"team_id":null},{"id":3848,"challenge_id":111,"user_id":134,"team_id":null},{"id":3849,"challenge_id":111,"user_id":123,"team_id":null},{"id":3850,"challenge_id":109,"user_id":257,"team_id":null},{"id":3853,"challenge_id":104,"user_id":222,"team_id":null},{"id":3854,"challenge_id":87,"user_id":266,"team_id":null},{"id":3855,"challenge_id":103,"user_id":305,"team_id":null},{"id":3856,"challenge_id":111,"user_id":164,"team_id":null},{"id":3857,"challenge_id":103,"user_id":266,"team_id":null},{"id":3858,"challenge_id":119,"user_id":202,"team_id":null},{"id":3860,"challenge_id":98,"user_id":303,"team_id":null},{"id":3861,"challenge_id":96,"user_id":138,"team_id":null},{"id":3865,"challenge_id":101,"user_id":303,"team_id":null},{"id":3866,"challenge_id":100,"user_id":303,"team_id":null},{"id":3868,"challenge_id":99,"user_id":303,"team_id":null},{"id":3869,"challenge_id":109,"user_id":162,"team_id":null},{"id":3870,"challenge_id":103,"user_id":130,"team_id":null},{"id":3871,"challenge_id":107,"user_id":130,"team_id":null},{"id":3873,"challenge_id":111,"user_id":224,"team_id":null},{"id":3874,"challenge_id":87,"user_id":162,"team_id":null},{"id":3875,"challenge_id":103,"user_id":162,"team_id":null},{"id":3876,"challenge_id":102,"user_id":303,"team_id":null},{"id":3878,"challenge_id":114,"user_id":126,"team_id":null},{"id":3879,"challenge_id":114,"user_id":146,"team_id":null},{"id":3884,"challenge_id":104,"user_id":162,"team_id":null},{"id":3885,"challenge_id":96,"user_id":266,"team_id":null},{"id":3890,"challenge_id":106,"user_id":180,"team_id":null},{"id":3892,"challenge_id":92,"user_id":288,"team_id":null},{"id":3897,"challenge_id":94,"user_id":164,"team_id":null},{"id":3898,"challenge_id":107,"user_id":288,"team_id":null},{"id":3899,"challenge_id":89,"user_id":123,"team_id":null},{"id":3900,"challenge_id":89,"user_id":240,"team_id":null},{"id":3901,"challenge_id":119,"user_id":307,"team_id":null},{"id":3903,"challenge_id":106,"user_id":164,"team_id":null},{"id":3905,"challenge_id":114,"user_id":288,"team_id":null},{"id":3908,"challenge_id":90,"user_id":240,"team_id":null},{"id":3911,"challenge_id":112,"user_id":222,"team_id":null},{"id":3915,"challenge_id":90,"user_id":123,"team_id":null},{"id":3916,"challenge_id":89,"user_id":147,"team_id":null},{"id":3917,"challenge_id":103,"user_id":303,"team_id":null},{"id":3919,"challenge_id":107,"user_id":171,"team_id":null},{"id":3923,"challenge_id":96,"user_id":154,"team_id":null},{"id":3925,"challenge_id":96,"user_id":171,"team_id":null},{"id":3929,"challenge_id":90,"user_id":147,"team_id":null},{"id":3930,"challenge_id":107,"user_id":269,"team_id":null},{"id":3932,"challenge_id":87,"user_id":233,"team_id":null},{"id":3937,"challenge_id":96,"user_id":269,"team_id":null},{"id":3938,"challenge_id":103,"user_id":226,"team_id":null},{"id":3952,"challenge_id":98,"user_id":269,"team_id":null},{"id":3954,"challenge_id":100,"user_id":269,"team_id":null},{"id":3957,"challenge_id":99,"user_id":269,"team_id":null},{"id":3959,"challenge_id":94,"user_id":233,"team_id":null},{"id":3967,"challenge_id":92,"user_id":308,"team_id":null},{"id":3968,"challenge_id":89,"user_id":222,"team_id":null},{"id":3969,"challenge_id":104,"user_id":226,"team_id":null},{"id":3976,"challenge_id":91,"user_id":147,"team_id":null},{"id":3978,"challenge_id":90,"user_id":222,"team_id":null},{"id":3982,"challenge_id":109,"user_id":224,"team_id":null},{"id":3987,"challenge_id":107,"user_id":308,"team_id":null},{"id":3988,"challenge_id":91,"user_id":240,"team_id":null},{"id":3990,"challenge_id":76,"user_id":250,"team_id":null},{"id":3991,"challenge_id":89,"user_id":151,"team_id":null},{"id":3993,"challenge_id":91,"user_id":222,"team_id":null},{"id":3996,"challenge_id":101,"user_id":269,"team_id":null},{"id":4000,"challenge_id":109,"user_id":232,"team_id":null},{"id":4001,"challenge_id":87,"user_id":308,"team_id":null},{"id":4002,"challenge_id":114,"user_id":134,"team_id":null},{"id":4003,"challenge_id":87,"user_id":299,"team_id":null},{"id":4005,"challenge_id":76,"user_id":232,"team_id":null},{"id":4006,"challenge_id":91,"user_id":123,"team_id":null},{"id":4007,"challenge_id":92,"user_id":242,"team_id":null},{"id":4008,"challenge_id":90,"user_id":151,"team_id":null},{"id":4010,"challenge_id":102,"user_id":269,"team_id":null},{"id":4017,"challenge_id":91,"user_id":151,"team_id":null},{"id":4024,"challenge_id":92,"user_id":220,"team_id":null},{"id":4031,"challenge_id":111,"user_id":300,"team_id":null},{"id":4032,"challenge_id":84,"user_id":223,"team_id":null},{"id":4035,"challenge_id":112,"user_id":151,"team_id":null},{"id":4036,"challenge_id":114,"user_id":220,"team_id":null},{"id":4038,"challenge_id":92,"user_id":309,"team_id":null},{"id":4039,"challenge_id":91,"user_id":142,"team_id":null},{"id":4040,"challenge_id":114,"user_id":281,"team_id":null},{"id":4041,"challenge_id":103,"user_id":269,"team_id":null},{"id":4042,"challenge_id":107,"user_id":309,"team_id":null},{"id":4043,"challenge_id":94,"user_id":151,"team_id":null},{"id":4044,"challenge_id":112,"user_id":181,"team_id":null},{"id":4045,"challenge_id":89,"user_id":181,"team_id":null},{"id":4046,"challenge_id":96,"user_id":309,"team_id":null},{"id":4048,"challenge_id":90,"user_id":181,"team_id":null},{"id":4049,"challenge_id":98,"user_id":309,"team_id":null},{"id":4050,"challenge_id":85,"user_id":277,"team_id":null},{"id":4051,"challenge_id":99,"user_id":309,"team_id":null},{"id":4055,"challenge_id":100,"user_id":151,"team_id":null},{"id":4056,"challenge_id":98,"user_id":171,"team_id":null},{"id":4057,"challenge_id":102,"user_id":151,"team_id":null},{"id":4061,"challenge_id":101,"user_id":171,"team_id":null},{"id":4062,"challenge_id":91,"user_id":181,"team_id":null},{"id":4063,"challenge_id":100,"user_id":181,"team_id":null},{"id":4064,"challenge_id":102,"user_id":181,"team_id":null},{"id":4070,"challenge_id":92,"user_id":310,"team_id":null},{"id":4073,"challenge_id":96,"user_id":310,"team_id":null},{"id":4074,"challenge_id":99,"user_id":171,"team_id":null},{"id":4075,"challenge_id":88,"user_id":180,"team_id":null},{"id":4076,"challenge_id":76,"user_id":240,"team_id":null},{"id":4077,"challenge_id":87,"user_id":177,"team_id":null},{"id":4078,"challenge_id":89,"user_id":233,"team_id":null},{"id":4080,"challenge_id":79,"user_id":190,"team_id":null},{"id":4081,"challenge_id":107,"user_id":310,"team_id":null},{"id":4092,"challenge_id":111,"user_id":190,"team_id":null},{"id":4097,"challenge_id":85,"user_id":223,"team_id":null},{"id":4100,"challenge_id":109,"user_id":190,"team_id":null},{"id":4102,"challenge_id":110,"user_id":232,"team_id":null},{"id":4104,"challenge_id":109,"user_id":277,"team_id":null},{"id":4108,"challenge_id":111,"user_id":240,"team_id":null},{"id":4112,"challenge_id":88,"user_id":164,"team_id":null},{"id":4117,"challenge_id":102,"user_id":171,"team_id":null},{"id":4119,"challenge_id":101,"user_id":309,"team_id":null},{"id":4120,"challenge_id":100,"user_id":309,"team_id":null},{"id":4127,"challenge_id":98,"user_id":133,"team_id":null},{"id":4128,"challenge_id":99,"user_id":133,"team_id":null},{"id":4129,"challenge_id":102,"user_id":309,"team_id":null},{"id":4131,"challenge_id":118,"user_id":226,"team_id":null},{"id":4133,"challenge_id":107,"user_id":220,"team_id":null},{"id":4134,"challenge_id":119,"user_id":223,"team_id":null},{"id":4136,"challenge_id":87,"user_id":309,"team_id":null},{"id":4137,"challenge_id":96,"user_id":220,"team_id":null},{"id":4138,"challenge_id":114,"user_id":123,"team_id":null},{"id":4139,"challenge_id":98,"user_id":220,"team_id":null},{"id":4140,"challenge_id":89,"user_id":177,"team_id":null},{"id":4142,"challenge_id":90,"user_id":177,"team_id":null},{"id":4143,"challenge_id":99,"user_id":220,"team_id":null},{"id":4151,"challenge_id":98,"user_id":233,"team_id":null},{"id":4152,"challenge_id":91,"user_id":177,"team_id":null},{"id":4161,"challenge_id":99,"user_id":233,"team_id":null},{"id":4163,"challenge_id":100,"user_id":233,"team_id":null},{"id":4165,"challenge_id":101,"user_id":233,"team_id":null},{"id":4166,"challenge_id":102,"user_id":233,"team_id":null},{"id":4168,"challenge_id":87,"user_id":261,"team_id":null},{"id":4171,"challenge_id":92,"user_id":311,"team_id":null},{"id":4172,"challenge_id":90,"user_id":233,"team_id":null},{"id":4173,"challenge_id":85,"user_id":232,"team_id":null},{"id":4176,"challenge_id":85,"user_id":190,"team_id":null},{"id":4177,"challenge_id":114,"user_id":240,"team_id":null},{"id":4178,"challenge_id":111,"user_id":162,"team_id":null},{"id":4179,"challenge_id":98,"user_id":154,"team_id":null},{"id":4180,"challenge_id":99,"user_id":154,"team_id":null},{"id":4181,"challenge_id":114,"user_id":300,"team_id":null},{"id":4183,"challenge_id":92,"user_id":312,"team_id":null},{"id":4187,"challenge_id":101,"user_id":154,"team_id":null},{"id":4188,"challenge_id":89,"user_id":190,"team_id":null},{"id":4190,"challenge_id":109,"user_id":250,"team_id":null},{"id":4191,"challenge_id":90,"user_id":190,"team_id":null},{"id":4197,"challenge_id":87,"user_id":154,"team_id":null},{"id":4199,"challenge_id":95,"user_id":193,"team_id":null},{"id":4202,"challenge_id":98,"user_id":277,"team_id":null},{"id":4203,"challenge_id":91,"user_id":190,"team_id":null},{"id":4204,"challenge_id":99,"user_id":277,"team_id":null},{"id":4205,"challenge_id":100,"user_id":277,"team_id":null},{"id":4207,"challenge_id":101,"user_id":277,"team_id":null},{"id":4209,"challenge_id":102,"user_id":277,"team_id":null},{"id":4210,"challenge_id":103,"user_id":154,"team_id":null},{"id":4212,"challenge_id":98,"user_id":232,"team_id":null},{"id":4213,"challenge_id":101,"user_id":232,"team_id":null},{"id":4214,"challenge_id":99,"user_id":232,"team_id":null},{"id":4215,"challenge_id":88,"user_id":193,"team_id":null},{"id":4217,"challenge_id":102,"user_id":232,"team_id":null},{"id":4218,"challenge_id":100,"user_id":232,"team_id":null},{"id":4219,"challenge_id":103,"user_id":126,"team_id":null},{"id":4220,"challenge_id":103,"user_id":146,"team_id":null},{"id":4221,"challenge_id":108,"user_id":177,"team_id":null},{"id":4223,"challenge_id":112,"user_id":233,"team_id":null},{"id":4227,"challenge_id":107,"user_id":154,"team_id":null},{"id":4228,"challenge_id":93,"user_id":190,"team_id":null},{"id":4231,"challenge_id":103,"user_id":197,"team_id":null},{"id":4232,"challenge_id":93,"user_id":193,"team_id":null},{"id":4234,"challenge_id":101,"user_id":133,"team_id":null},{"id":4235,"challenge_id":110,"user_id":177,"team_id":null},{"id":4242,"challenge_id":104,"user_id":193,"team_id":null},{"id":4243,"challenge_id":88,"user_id":183,"team_id":null},{"id":4244,"challenge_id":100,"user_id":193,"team_id":null},{"id":4246,"challenge_id":92,"user_id":313,"team_id":null},{"id":4247,"challenge_id":76,"user_id":133,"team_id":null},{"id":4248,"challenge_id":114,"user_id":233,"team_id":null},{"id":4249,"challenge_id":118,"user_id":193,"team_id":null},{"id":4250,"challenge_id":99,"user_id":219,"team_id":null},{"id":4251,"challenge_id":94,"user_id":219,"team_id":null},{"id":4252,"challenge_id":85,"user_id":202,"team_id":null},{"id":4254,"challenge_id":107,"user_id":191,"team_id":null},{"id":4255,"challenge_id":93,"user_id":143,"team_id":null},{"id":4256,"challenge_id":114,"user_id":278,"team_id":null},{"id":4257,"challenge_id":77,"user_id":143,"team_id":null},{"id":4259,"challenge_id":93,"user_id":128,"team_id":null},{"id":4260,"challenge_id":81,"user_id":190,"team_id":null},{"id":4262,"challenge_id":88,"user_id":128,"team_id":null},{"id":4263,"challenge_id":91,"user_id":193,"team_id":null},{"id":4264,"challenge_id":110,"user_id":191,"team_id":null},{"id":4265,"challenge_id":109,"user_id":133,"team_id":null},{"id":4266,"challenge_id":107,"user_id":207,"team_id":null},{"id":4267,"challenge_id":102,"user_id":133,"team_id":null},{"id":4268,"challenge_id":96,"user_id":207,"team_id":null},{"id":4269,"challenge_id":100,"user_id":133,"team_id":null},{"id":4272,"challenge_id":109,"user_id":241,"team_id":null},{"id":4273,"challenge_id":91,"user_id":143,"team_id":null},{"id":4277,"challenge_id":103,"user_id":207,"team_id":null},{"id":4279,"challenge_id":110,"user_id":300,"team_id":null},{"id":4282,"challenge_id":112,"user_id":133,"team_id":null},{"id":4284,"challenge_id":95,"user_id":190,"team_id":null},{"id":4285,"challenge_id":87,"user_id":251,"team_id":null},{"id":4286,"challenge_id":103,"user_id":300,"team_id":null},{"id":4288,"challenge_id":106,"user_id":247,"team_id":null},{"id":4289,"challenge_id":114,"user_id":207,"team_id":null},{"id":4291,"challenge_id":75,"user_id":190,"team_id":null},{"id":4292,"challenge_id":88,"user_id":151,"team_id":null},{"id":4293,"challenge_id":95,"user_id":223,"team_id":null},{"id":4294,"challenge_id":87,"user_id":202,"team_id":null},{"id":4295,"challenge_id":94,"user_id":207,"team_id":null},{"id":4296,"challenge_id":87,"user_id":131,"team_id":null},{"id":4297,"challenge_id":87,"user_id":300,"team_id":null},{"id":4298,"challenge_id":89,"user_id":202,"team_id":null},{"id":4299,"challenge_id":90,"user_id":202,"team_id":null},{"id":4300,"challenge_id":92,"user_id":314,"team_id":null},{"id":4301,"challenge_id":77,"user_id":193,"team_id":null},{"id":4302,"challenge_id":107,"user_id":314,"team_id":null},{"id":4305,"challenge_id":114,"user_id":314,"team_id":null},{"id":4306,"challenge_id":93,"user_id":191,"team_id":null},{"id":4308,"challenge_id":107,"user_id":237,"team_id":null},{"id":4310,"challenge_id":93,"user_id":151,"team_id":null},{"id":4315,"challenge_id":91,"user_id":202,"team_id":null},{"id":4321,"challenge_id":96,"user_id":184,"team_id":null},{"id":4323,"challenge_id":112,"user_id":300,"team_id":null},{"id":4325,"challenge_id":114,"user_id":249,"team_id":null},{"id":4336,"challenge_id":98,"user_id":184,"team_id":null},{"id":4343,"challenge_id":112,"user_id":126,"team_id":null},{"id":4344,"challenge_id":99,"user_id":184,"team_id":null},{"id":4345,"challenge_id":91,"user_id":217,"team_id":null},{"id":4347,"challenge_id":112,"user_id":146,"team_id":null},{"id":4349,"challenge_id":94,"user_id":133,"team_id":null},{"id":4350,"challenge_id":100,"user_id":184,"team_id":null},{"id":4353,"challenge_id":94,"user_id":241,"team_id":null},{"id":4354,"challenge_id":87,"user_id":247,"team_id":null},{"id":4359,"challenge_id":78,"user_id":151,"team_id":null},{"id":4360,"challenge_id":93,"user_id":181,"team_id":null},{"id":4366,"challenge_id":114,"user_id":172,"team_id":null},{"id":4378,"challenge_id":104,"user_id":131,"team_id":null},{"id":4393,"challenge_id":91,"user_id":213,"team_id":null},{"id":4398,"challenge_id":92,"user_id":200,"team_id":null},{"id":4402,"challenge_id":107,"user_id":200,"team_id":null},{"id":4405,"challenge_id":98,"user_id":237,"team_id":null},{"id":4408,"challenge_id":100,"user_id":237,"team_id":null},{"id":4409,"challenge_id":87,"user_id":191,"team_id":null},{"id":4412,"challenge_id":99,"user_id":237,"team_id":null},{"id":4413,"challenge_id":92,"user_id":315,"team_id":null},{"id":4414,"challenge_id":101,"user_id":237,"team_id":null},{"id":4415,"challenge_id":102,"user_id":237,"team_id":null},{"id":4417,"challenge_id":107,"user_id":315,"team_id":null},{"id":4419,"challenge_id":100,"user_id":213,"team_id":null},{"id":4421,"challenge_id":112,"user_id":247,"team_id":null},{"id":4422,"challenge_id":104,"user_id":300,"team_id":null},{"id":4423,"challenge_id":75,"user_id":162,"team_id":null},{"id":4426,"challenge_id":104,"user_id":163,"team_id":null},{"id":4427,"challenge_id":89,"user_id":191,"team_id":null},{"id":4430,"challenge_id":90,"user_id":191,"team_id":null},{"id":4435,"challenge_id":114,"user_id":162,"team_id":null},{"id":4438,"challenge_id":112,"user_id":213,"team_id":null},{"id":4439,"challenge_id":77,"user_id":229,"team_id":null},{"id":4440,"challenge_id":91,"user_id":191,"team_id":null},{"id":4441,"challenge_id":94,"user_id":131,"team_id":null},{"id":4442,"challenge_id":87,"user_id":163,"team_id":null},{"id":4443,"challenge_id":87,"user_id":235,"team_id":null},{"id":4446,"challenge_id":103,"user_id":235,"team_id":null},{"id":4447,"challenge_id":104,"user_id":235,"team_id":null},{"id":4448,"challenge_id":96,"user_id":235,"team_id":null},{"id":4449,"challenge_id":112,"user_id":235,"team_id":null},{"id":4451,"challenge_id":111,"user_id":250,"team_id":null},{"id":4454,"challenge_id":107,"user_id":235,"team_id":null},{"id":4455,"challenge_id":75,"user_id":183,"team_id":null},{"id":4456,"challenge_id":118,"user_id":162,"team_id":null},{"id":4458,"challenge_id":96,"user_id":315,"team_id":null},{"id":4463,"challenge_id":118,"user_id":233,"team_id":null},{"id":4464,"challenge_id":78,"user_id":181,"team_id":null},{"id":4465,"challenge_id":104,"user_id":213,"team_id":null},{"id":4466,"challenge_id":85,"user_id":257,"team_id":null},{"id":4467,"challenge_id":102,"user_id":257,"team_id":null},{"id":4468,"challenge_id":96,"user_id":250,"team_id":null},{"id":4480,"challenge_id":104,"user_id":217,"team_id":null},{"id":4481,"challenge_id":103,"user_id":253,"team_id":null},{"id":4482,"challenge_id":111,"user_id":277,"team_id":null},{"id":4483,"challenge_id":98,"user_id":250,"team_id":null},{"id":4484,"challenge_id":94,"user_id":309,"team_id":null},{"id":4485,"challenge_id":99,"user_id":250,"team_id":null},{"id":4487,"challenge_id":101,"user_id":250,"team_id":null},{"id":4488,"challenge_id":94,"user_id":300,"team_id":null},{"id":4489,"challenge_id":111,"user_id":177,"team_id":null},{"id":4495,"challenge_id":94,"user_id":199,"team_id":null},{"id":4496,"challenge_id":100,"user_id":250,"team_id":null},{"id":4497,"challenge_id":96,"user_id":158,"team_id":null}],"meta":{}}