{"count":34,"results":[{"id":78,"challenge_id":76,"value":"medium"},{"id":79,"challenge_id":75,"value":"medium"},{"id":80,"challenge_id":77,"value":"medium"},{"id":81,"challenge_id":78,"value":"medium"},{"id":82,"challenge_id":79,"value":"medium"},{"id":83,"challenge_id":80,"value":"easy"},{"id":84,"challenge_id":81,"value":"hard"},{"id":86,"challenge_id":84,"value":"hard"},{"id":87,"challenge_id":85,"value":"medium"},{"id":88,"challenge_id":87,"value":"easy"},{"id":89,"challenge_id":88,"value":"medium"},{"id":90,"challenge_id":89,"value":"easy"},{"id":91,"challenge_id":90,"value":"easy"},{"id":92,"challenge_id":91,"value":"easy"},{"id":93,"challenge_id":93,"value":"medium"},{"id":94,"challenge_id":94,"value":"easy"},{"id":95,"challenge_id":95,"value":"medium"},{"id":96,"challenge_id":96,"value":"easy"},{"id":97,"challenge_id":98,"value":"easy"},{"id":98,"challenge_id":100,"value":"easy"},{"id":99,"challenge_id":99,"value":"easy"},{"id":100,"challenge_id":101,"value":"easy"},{"id":101,"challenge_id":102,"value":"easy"},{"id":102,"challenge_id":103,"value":"easy"},{"id":103,"challenge_id":104,"value":"medium"},{"id":104,"challenge_id":106,"value":"medium"},{"id":105,"challenge_id":108,"value":"medium"},{"id":106,"challenge_id":112,"value":"medium"},{"id":108,"challenge_id":109,"value":"medium"},{"id":111,"challenge_id":114,"value":"easy"},{"id":119,"challenge_id":119,"value":"medium"},{"id":120,"challenge_id":118,"value":"easy"},{"id":121,"challenge_id":110,"value":"easy"},{"id":122,"challenge_id":111,"value":"easy"}],"meta":{}}