{"count":212,"results":[{"id":91,"oauth_id":null,"name":"Jean Yves","password":"$bcrypt-sha256$2b,12$Nb369qYK5F7uVLjCxFE3ke$z9547pOo0sBR1dv2tBVKW88A/GzTOku","email":"jean-yves-sami.ouattara@polymtl.ca","type":"admin","secret":null,"website":null,"affiliation":null,"country":null,"bracket":null,"hidden":1,"banned":0,"verified":0,"team_id":null,"created":"2019-10-31T17:07:37"},{"id":93,"oauth_id":null,"name":"Colin","password":"$bcrypt-sha256$2b,12$7cKMXT1vq1kSIBxG8eK4we$NmnCcXm2uXD1tCECZ56Lq3.avnrgh3y","email":"colin.stephenne@polymtl.ca","type":"admin","secret":null,"website":null,"affiliation":null,"country":null,"bracket":null,"hidden":1,"banned":0,"verified":0,"team_id":null,"created":"2019-10-31T17:09:45"},{"id":95,"oauth_id":null,"name":"Justin","password":"$bcrypt-sha256$2b,12$SoLCAvZiph31Of3CEVUycO$q/X1NMQ3LT.NeHlnEWvNMAGcZ6pzXlq","email":"vandenhanenberg.justin@gmail.com","type":"admin","secret":null,"website":null,"affiliation":null,"country":null,"bracket":null,"hidden":1,"banned":0,"verified":1,"team_id":null,"created":"2019-10-31T17:11:14"},{"id":107,"oauth_id":null,"name":"Etienne","password":"$bcrypt-sha256$2b,12$aYnLY/8TwFO7Am2gGarr2.$26gJljaBJQsSdGfe83EZfANf5hYbLoS","email":"etienne.hourdebaigt@polymtl.ca","type":"admin","secret":null,"website":null,"affiliation":null,"country":null,"bracket":null,"hidden":1,"banned":0,"verified":1,"team_id":null,"created":"2020-09-30T00:48:19"},{"id":118,"oauth_id":null,"name":"antoinedery12","password":"$bcrypt-sha256$2b,12$kvdb9Pm1H2ifsfmkBCpcae$5RnG2A1HFhaHqSn4Ti4R2it7Hq9j5Eu","email":"antoinedery12@hotmail.fr","type":"user","secret":null,"website":null,"affiliation":null,"country":null,"bracket":null,"hidden":0,"banned":0,"verified":1,"team_id":null,"created":"2021-02-09T17:30:06"},{"id":119,"oauth_id":null,"name":"vincentdecooman","password":"$bcrypt-sha256$2b,12$hE0LKzxVH1A3M9ecj28FPO$4f8.uiZJakuFw4bn9UMlMsRSwwaJ25K","email":"vincent.decooman123@gmail.com","type":"admin","secret":null,"website":null,"affiliation":null,"country":null,"bracket":null,"hidden":1,"banned":0,"verified":1,"team_id":null,"created":"2021-02-12T16:31:16"},{"id":120,"oauth_id":null,"name":"Scandium","password":"$bcrypt-sha256$2b,12$t7bN92zkd6k6HuxtWVeWiO$pEyDfEsNKdBOlJS44NxW05rDDQrE8oy","email":"samuel.couvrette@gmail.com","type":"admin","secret":null,"website":null,"affiliation":null,"country":null,"bracket":null,"hidden":1,"banned":0,"verified":1,"team_id":null,"created":"2021-02-13T18:14:45"},{"id":121,"oauth_id":null,"name":"Fishinspace","password":"$bcrypt-sha256$2b,12$MsuXavPMKFrjzsi5FuVjWe$AW/UAxF2kcgdf33iuVHkpE7MEvnFWAe","email":"jose@aparipantigozo.com","type":"admin","secret":null,"website":null,"affiliation":null,"country":"CA","bracket":null,"hidden":1,"banned":0,"verified":1,"team_id":null,"created":"2021-02-13T18:17:58"},{"id":122,"oauth_id":null,"name":"elpichu","password":"$bcrypt-sha256$2b,12$LXQ9WVTF.E63GpzXrqqO0u$xb9m6rqIBlkTgazbT4B/quGs.axYUTa","email":"agardenat@gmail.com","type":"user","secret":null,"website":null,"affiliation":null,"country":"FR","bracket":null,"hidden":0,"banned":0,"verified":1,"team_id":null,"created":"2021-02-19T22:57:59"},{"id":123,"oauth_id":null,"name":"Diasum","password":"$bcrypt-sha256$2b,12$OtwXlSc4rixgLYcAB5SrLu$uLNBz0WsdB.LkH0Qrk66mdjT4JL16Ui","email":"diab.khanafer@outlook.com","type":"user","secret":null,"website":null,"affiliation":null,"country":null,"bracket":null,"hidden":0,"banned":0,"verified":1,"team_id":null,"created":"2021-02-19T22:58:30"},{"id":124,"oauth_id":null,"name":"Vince_Magik","password":"$bcrypt-sha256$2b,12$18c.xWTe8UIXPRQkqB3P3.$c73vTrbBZ.zoi37PkqWHoPmHgGwsdH.","email":"vincent.fournier.4@ens.etsmtl.ca","type":"user","secret":null,"website":null,"affiliation":null,"country":"CA","bracket":null,"hidden":0,"banned":0,"verified":1,"team_id":null,"created":"2021-02-19T22:59:25"},{"id":125,"oauth_id":null,"name":"Etjenne","password":"$bcrypt-sha256$2b,12$pusiNC8DJA1Iv7vtllBaF.$xvAoegrCODZ4Qbds5.M9aaIb5IjdxW2","email":"meisterherbac@hotmail.com","type":"user","secret":null,"website":"https://the.criminal.one","affiliation":null,"country":"CA","bracket":null,"hidden":0,"banned":0,"verified":1,"team_id":null,"created":"2021-02-19T22:59:30"},{"id":126,"oauth_id":null,"name":"Toffu1tete","password":"$bcrypt-sha256$2b,12$HEjAxiwc9216/CJJKqwHzu$XzTQechi1.HNc0bGo/RW2yG/3kOFL.a","email":"jonathan.gravel@cyber-world.ca","type":"user","secret":null,"website":null,"affiliation":null,"country":"CA","bracket":null,"hidden":0,"banned":0,"verified":1,"team_id":null,"created":"2021-02-19T23:02:08"},{"id":127,"oauth_id":null,"name":"Vitton","password":"$bcrypt-sha256$2b,12$kynUxCv/ZTwXcrPSeaQlUe$qSj4GcOXdh37vhCfhON1BlluF59PYoa","email":"victor.aurora@polymtl.ca","type":"user","secret":null,"website":null,"affiliation":null,"country":null,"bracket":null,"hidden":0,"banned":0,"verified":1,"team_id":null,"created":"2021-02-19T23:02:50"},{"id":128,"oauth_id":null,"name":"M4ke","password":"$bcrypt-sha256$2b,12$LZ6xQZ4O8sbJo3MnM2q8Ee$/OIcf9GjE43u4PBtw8iPUkXpuuEecVy","email":"m4ke@protonmail.com","type":"user","secret":null,"website":null,"affiliation":null,"country":null,"bracket":null,"hidden":0,"banned":0,"verified":1,"team_id":null,"created":"2021-02-19T23:03:38"},{"id":129,"oauth_id":null,"name":"bbchu","password":"$bcrypt-sha256$2b,12$i9pC0ktJqo0aNCHfizGzJu$OHG1c8Hw/r8H8ujHtl3E4OLxr802sQK","email":"buroni@msn.com","type":"user","secret":null,"website":null,"affiliation":null,"country":"CA","bracket":null,"hidden":0,"banned":0,"verified":1,"team_id":null,"created":"2021-02-19T23:05:33"},{"id":130,"oauth_id":null,"name":"413x","password":"$bcrypt-sha256$2b,12$NGaYTwFiDHhetQEHjGrw1u$CE/AwQ80oGTjD6ZqDi5UJyMde.OWQpC","email":"alexdagr76@gmail.com","type":"user","secret":null,"website":null,"affiliation":null,"country":null,"bracket":null,"hidden":0,"banned":0,"verified":1,"team_id":null,"created":"2021-02-19T23:05:49"},{"id":131,"oauth_id":null,"name":"Whoo","password":"$bcrypt-sha256$2b,12$8QPHXbvdTQQd4vWnAUwgcO$ZBAzRAiUYOrmRZ2vy8M9alsMeVlt0N.","email":"derrierdo@gmail.com","type":"user","secret":null,"website":null,"affiliation":null,"country":"CA","bracket":null,"hidden":0,"banned":0,"verified":1,"team_id":null,"created":"2021-02-19T23:08:30"},{"id":132,"oauth_id":null,"name":"Mandoza","password":"$bcrypt-sha256$2b,12$ddh7eYtCzpRNnS87oEGu7u$gVpr0Wb5kOCiwoD9TghK8D6/Bsk7.xK","email":"cedrik_b@hotmail.com","type":"user","secret":null,"website":null,"affiliation":null,"country":null,"bracket":null,"hidden":0,"banned":0,"verified":1,"team_id":null,"created":"2021-02-19T23:09:23"},{"id":133,"oauth_id":null,"name":"sciense","password":"$bcrypt-sha256$2b,12$L7M4ECAxEPFSXwaE96PZ5O$SmTmE1AShXPbRnHoiVNet.0oTabr5xq","email":"gab96.msn@hotmail.fr","type":"user","secret":null,"website":null,"affiliation":null,"country":null,"bracket":null,"hidden":0,"banned":0,"verified":1,"team_id":null,"created":"2021-02-19T23:09:45"},{"id":134,"oauth_id":null,"name":"midoxc","password":"$bcrypt-sha256$2b,12$4jAVeA9yEWkqcuxfwm7qXe$deXavtujTo7byFC2uWwwMgOEd9RBohq","email":"minhtrido2000@gmail.com","type":"user","secret":null,"website":null,"affiliation":null,"country":null,"bracket":null,"hidden":0,"banned":0,"verified":1,"team_id":null,"created":"2021-02-19T23:14:52"},{"id":135,"oauth_id":null,"name":"edoulefou","password":"$bcrypt-sha256$2b,12$j1Wc4DYKZgmRrRhwFzwBne$qH61r64UX4jpN.ORBST/bk5ynlhbNmS","email":"edouard.bochin@polymtl.ca","type":"admin","secret":null,"website":null,"affiliation":null,"country":null,"bracket":null,"hidden":1,"banned":0,"verified":1,"team_id":null,"created":"2021-02-19T23:15:21"},{"id":136,"oauth_id":null,"name":"juwi","password":"$bcrypt-sha256$2b,12$D/KZ2UFUqODtjSffoFFbWe$vinWrEfY9PdNORlEiXeGgc09xKv9Bny","email":"juliette.letondot@etu.imt-lille-douai.fr","type":"user","secret":null,"website":null,"affiliation":null,"country":null,"bracket":null,"hidden":0,"banned":0,"verified":1,"team_id":null,"created":"2021-02-19T23:16:34"},{"id":137,"oauth_id":null,"name":"ninespin","password":"$bcrypt-sha256$2b,12$uqB8m/8.H4zrOo8w6iBJUO$A8qCoJZhQJB6XX/pvHtz3SeCVPgizAK","email":"ninespinftw@gmail.com","type":"user","secret":null,"website":null,"affiliation":null,"country":null,"bracket":null,"hidden":0,"banned":0,"verified":1,"team_id":null,"created":"2021-02-19T23:17:47"},{"id":138,"oauth_id":null,"name":"TheElChapin","password":"$bcrypt-sha256$2b,12$Sh8nuBLC4Wgew32yLcyjqu$6R9qrX8A2nD.9tIwahF9puRpjk0w7sO","email":"jonnathanlobos@gmail.com","type":"user","secret":null,"website":null,"affiliation":null,"country":null,"bracket":null,"hidden":0,"banned":0,"verified":1,"team_id":null,"created":"2021-02-19T23:18:44"},{"id":139,"oauth_id":null,"name":"LeoSud","password":"$bcrypt-sha256$2b,12$vZoJ5SaFdWeCSc9olkYP9e$PFovtTUrX0qwepfj1SbcOL9DF1eXYzS","email":"leonorejeanfrancois@gmail.com","type":"user","secret":null,"website":null,"affiliation":null,"country":null,"bracket":null,"hidden":0,"banned":0,"verified":1,"team_id":null,"created":"2021-02-19T23:19:35"},{"id":140,"oauth_id":null,"name":"v0lck3r","password":"$bcrypt-sha256$2b,12$/7YF5wSNny8t0VUwQsYg1e$XQTFfsc8zF1mQSbXvICwMoNWPkK7JuS","email":"ralioussou@gmail.com","type":"user","secret":null,"website":"https://www.linkedin.com/in/oussamarahali/","affiliation":null,"country":"MA","bracket":null,"hidden":0,"banned":0,"verified":1,"team_id":null,"created":"2021-02-19T23:23:37"},{"id":141,"oauth_id":null,"name":"BaconPackets","password":"$bcrypt-sha256$2b,12$nkBIiNcGWBvMnrpZxdDkGe$XpkjsJzt2bdMieWoLO1CrioCGaIiWx2","email":"laurentfdumont@gmail.com","type":"user","secret":null,"website":null,"affiliation":null,"country":null,"bracket":null,"hidden":0,"banned":0,"verified":1,"team_id":null,"created":"2021-02-19T23:24:19"},{"id":142,"oauth_id":null,"name":"marchombre","password":"$bcrypt-sha256$2b,12$KSWqtPWeyKWYj/BhCoCxPu$w4PK39xw5T8Qbr7IheMfJCToRO2NmM2","email":"samcool97@hotmail.com","type":"user","secret":null,"website":null,"affiliation":null,"country":null,"bracket":null,"hidden":0,"banned":0,"verified":1,"team_id":null,"created":"2021-02-19T23:26:37"},{"id":143,"oauth_id":null,"name":"Roue liiiibre.\ud83d\udea9","password":"$bcrypt-sha256$2b,12$SvNDLxeh9AEDwjDtZHmsJ.$Q014jHGyxyzS.PiABUiBOaLxB/SKWhu","email":"podalirius@protonmail.com","type":"user","secret":null,"website":"","affiliation":null,"country":"FR","bracket":null,"hidden":0,"banned":0,"verified":1,"team_id":null,"created":"2021-02-19T23:27:13"},{"id":144,"oauth_id":null,"name":"jeremyhage","password":"$bcrypt-sha256$2b,12$BSkHHNaEfrb7tF.cLktUyu$/92TJZ.SOgtZnm7h5aHOo51/HZWLthC","email":"jeremy.hage@polymtl.ca","type":"user","secret":null,"website":null,"affiliation":null,"country":null,"bracket":null,"hidden":0,"banned":0,"verified":1,"team_id":null,"created":"2021-02-19T23:29:43"},{"id":145,"oauth_id":null,"name":"H33","password":"$bcrypt-sha256$2b,12$hindPxDXkc9q4VA2D1u7qO$DFElYRMCV/aA29snOQOOAm2cXQXECBS","email":"hugo@benoist.consulting","type":"user","secret":null,"website":null,"affiliation":null,"country":"FR","bracket":null,"hidden":0,"banned":0,"verified":1,"team_id":null,"created":"2021-02-19T23:43:45"},{"id":146,"oauth_id":null,"name":"Math","password":"$bcrypt-sha256$2b,12$zyMoRajwNW9bm6tA/3dGj.$kboatGwc6GxUIB6SJzb.cGsPDL1n9N.","email":"mathrob22@hotmail.com","type":"user","secret":null,"website":null,"affiliation":null,"country":"CA","bracket":null,"hidden":0,"banned":0,"verified":1,"team_id":null,"created":"2021-02-19T23:44:08"},{"id":147,"oauth_id":null,"name":"splintercelian","password":"$bcrypt-sha256$2b,12$i0uQCl/hDfO6.EF/WqyoQe$yVyGuDWh/GvoHyw5gt.O1kMksGanvxe","email":"splintercelian@hotmail.com","type":"user","secret":null,"website":"https://devsecoups.com/","affiliation":"Polytechnique","country":"CA","bracket":null,"hidden":0,"banned":0,"verified":1,"team_id":null,"created":"2021-02-19T23:53:26"},{"id":148,"oauth_id":null,"name":"soso","password":"$bcrypt-sha256$2b,12$ot3q/I762/8sN8XveliaCO$5t3JW5mq3P0o9ReXrqoTNE74HnIYSQe","email":"sophie.baillargeon-laporte@polymtl.ca","type":"user","secret":null,"website":null,"affiliation":null,"country":null,"bracket":null,"hidden":0,"banned":0,"verified":1,"team_id":null,"created":"2021-02-20T00:06:34"},{"id":149,"oauth_id":null,"name":"Not_Bad_for_my_1st","password":"$bcrypt-sha256$2b,12$hcjjJz7/m6Broi0f9gOnAu$D1x8ZLFUAfI32VV3kDyIzNnAHsFpcfm","email":"meunier.f@bell.net","type":"user","secret":null,"website":null,"affiliation":null,"country":null,"bracket":null,"hidden":0,"banned":0,"verified":1,"team_id":null,"created":"2021-02-20T00:19:00"},{"id":150,"oauth_id":null,"name":"greyhat","password":"$bcrypt-sha256$2b,12$CpfiMcvhNVeK/MIAdrYHxO$T.JgDeuVlMKGT8AMhi/zT2lL0J4g5SC","email":"dorleansjonathan@gmail.com","type":"user","secret":null,"website":null,"affiliation":null,"country":"CA","bracket":null,"hidden":0,"banned":0,"verified":1,"team_id":null,"created":"2021-02-20T00:25:44"},{"id":151,"oauth_id":null,"name":"pingu","password":"$bcrypt-sha256$2b,12$uyh.DrebZthiBCsFqz7yT.$IgvHXajYKZrGkO/8uMFqs7TRqDUMoqu","email":"ptrstr@protonmail.com","type":"user","secret":null,"website":null,"affiliation":null,"country":"CA","bracket":null,"hidden":0,"banned":0,"verified":1,"team_id":null,"created":"2021-02-20T00:36:07"},{"id":152,"oauth_id":null,"name":"Roller","password":"$bcrypt-sha256$2b,12$7MkwKF6MF0J0xKw3Jb4mqe$P8lElhlMwDfp2GqbcSCpeFkl/7uME76","email":"lea-emma.julien.1@ens.etsmtl.ca","type":"user","secret":null,"website":null,"affiliation":null,"country":null,"bracket":null,"hidden":0,"banned":0,"verified":1,"team_id":null,"created":"2021-02-20T00:41:35"},{"id":153,"oauth_id":null,"name":"Mack514","password":"$bcrypt-sha256$2b,12$ji9yrEwIlNJU.oBqPIg0Mu$.FTeUq0vP8zc1JsuGWNvSsquDYsEmSO","email":"theodore.mackenley@gmail.com","type":"user","secret":null,"website":null,"affiliation":"Polytechnique de Montreal","country":"CA","bracket":null,"hidden":0,"banned":0,"verified":1,"team_id":null,"created":"2021-02-20T00:42:09"},{"id":154,"oauth_id":null,"name":"Kariboubob","password":"$bcrypt-sha256$2b,12$QIPopmr69iqcVHJy8/tHzu$vy0ax/2RrovUrGHVPmLai8nPrPqh8Z.","email":"xpaquetrapold@gmail.com","type":"user","secret":null,"website":null,"affiliation":null,"country":null,"bracket":null,"hidden":0,"banned":0,"verified":1,"team_id":null,"created":"2021-02-20T00:45:16"},{"id":155,"oauth_id":null,"name":"novak","password":"$bcrypt-sha256$2b,12$NXYBSbhRTMGCQs/fOtreje$sjNX0I33j1SR7ggkhaSdo8Arl0oTFpm","email":"novakele@pm.me","type":"user","secret":null,"website":"https://gitlab.com/novakele/","affiliation":null,"country":"CA","bracket":null,"hidden":0,"banned":0,"verified":1,"team_id":null,"created":"2021-02-20T00:46:27"},{"id":156,"oauth_id":null,"name":"haMiLtone","password":"$bcrypt-sha256$2b,12$sw8nnWY2eC7oPwPGU12KgO$f/sEciWCzBwTnRKX3W1ls6vCbmisAAG","email":"dap.abdou@hotmail.fr","type":"user","secret":null,"website":null,"affiliation":null,"country":null,"bracket":null,"hidden":0,"banned":0,"verified":0,"team_id":null,"created":"2021-02-20T00:55:39"},{"id":157,"oauth_id":null,"name":"angry_sLmon","password":"$bcrypt-sha256$2b,12$ixWfeQ2.cSFRrstUoCnXZO$RGmA8xDaEGvnnsusJ4g2qRg3HS6NUNa","email":"sdx.cs@protonmail.com","type":"user","secret":null,"website":null,"affiliation":null,"country":"CA","bracket":null,"hidden":0,"banned":0,"verified":1,"team_id":null,"created":"2021-02-20T00:58:34"},{"id":158,"oauth_id":null,"name":"bervic","password":"$bcrypt-sha256$2b,12$Ta2hR96CgCwhU7gcVdSJSu$y2MIbw2w3gB.dFnD2VVUozTP.MZ8nUG","email":"nouzadjeubervic@yahoo.fr","type":"user","secret":null,"website":null,"affiliation":null,"country":null,"bracket":null,"hidden":0,"banned":0,"verified":1,"team_id":null,"created":"2021-02-20T01:06:29"},{"id":159,"oauth_id":null,"name":"CluelessCupcake","password":"$bcrypt-sha256$2b,12$pQ1D/CB/bUObDU01H.kFz.$HExqzKqYbKyeVGb6FzSy/wg86qrEOWe","email":"kimberlychicoine@gmail.com","type":"user","secret":null,"website":null,"affiliation":null,"country":null,"bracket":null,"hidden":0,"banned":0,"verified":1,"team_id":null,"created":"2021-02-20T01:09:04"},{"id":160,"oauth_id":null,"name":"WickedAx3l","password":"$bcrypt-sha256$2b,12$BUF6M2XHV1AcsAITYCRyI.$23SZAiqLYbma.6jSH8Z1BsOKie/3rRG","email":"axelmbarillas@gmail.com","type":"user","secret":null,"website":null,"affiliation":null,"country":"CA","bracket":null,"hidden":0,"banned":0,"verified":1,"team_id":null,"created":"2021-02-20T01:18:59"},{"id":161,"oauth_id":null,"name":"Corentin","password":"$bcrypt-sha256$2b,12$.uDP1nlWLcAivZIzZa3HO.$UbJjspOCz5PkrfwAlsrsQ15IuVfJBQ.","email":"corentin.thomasset@polymtl.ca","type":"admin","secret":null,"website":null,"affiliation":null,"country":null,"bracket":null,"hidden":1,"banned":0,"verified":1,"team_id":null,"created":"2021-02-20T01:28:23"},{"id":162,"oauth_id":null,"name":"Playingood","password":"$bcrypt-sha256$2b,12$mwB7gudNCymcbrgfaDREh.$Ifn.q9bumVoVEnSzKiJ8NNI8sw5C/WC","email":"dave.bartczak@polymtl.ca","type":"user","secret":null,"website":null,"affiliation":null,"country":"CA","bracket":null,"hidden":0,"banned":0,"verified":1,"team_id":null,"created":"2021-02-20T01:34:20"},{"id":163,"oauth_id":null,"name":"Gazu2k","password":"$bcrypt-sha256$2b,12$3ecaPJH1oFyQXjn5sHB6H.$SLrTQEytCHNTHxpusxeZenTPRqSVgoO","email":"pascalgad@gmail.com","type":"user","secret":null,"website":null,"affiliation":null,"country":null,"bracket":null,"hidden":0,"banned":0,"verified":1,"team_id":null,"created":"2021-02-20T01:51:02"},{"id":164,"oauth_id":null,"name":"phos","password":"$bcrypt-sha256$2b,12$RPk0/d0twXbf7pnxLDI4Je$EsH0F475ok8KMyEEqmqNK9tqpsDu4OC","email":"pierrehosteins@gmail.com","type":"user","secret":null,"website":null,"affiliation":null,"country":"DZ","bracket":null,"hidden":0,"banned":0,"verified":1,"team_id":null,"created":"2021-02-20T01:53:37"},{"id":165,"oauth_id":null,"name":"Sunteos","password":"$bcrypt-sha256$2b,12$KsD6Bo5xqZGFYUCOfkNBkO$8m5BrWDxGnGLCDoSovIZqK7hPa98rWy","email":"myrtheodore@gmail.com","type":"user","secret":null,"website":null,"affiliation":null,"country":null,"bracket":null,"hidden":0,"banned":0,"verified":1,"team_id":null,"created":"2021-02-20T01:58:08"},{"id":167,"oauth_id":null,"name":"Mamoudou","password":"$bcrypt-sha256$2b,12$b5s9jzlLNH/FwMKgZ7ZnNu$PzYaKG4cwLxe0U6huO22F00MKRZsSwK","email":"mamoudoufadil@gmail.com","type":"user","secret":null,"website":null,"affiliation":null,"country":null,"bracket":null,"hidden":0,"banned":0,"verified":1,"team_id":null,"created":"2021-02-20T02:07:03"},{"id":168,"oauth_id":null,"name":"Zuyoutoki","password":"$bcrypt-sha256$2b,12$3M5h74maJ4jCCWB.OYKjde$fd2nagLiHhgzf4LOHTi0hDJZ2D8gmV6","email":"zuyoutoki+polyctf@oki.moe","type":"admin","secret":null,"website":"https://zuy.out.oki.moe","affiliation":"","country":"CA","bracket":null,"hidden":1,"banned":0,"verified":1,"team_id":null,"created":"2021-02-20T02:19:01"},{"id":169,"oauth_id":null,"name":"xeuropium","password":"$bcrypt-sha256$2b,12$PvlFvsp9pGfDxw7nNyx.Me$nnb//8MQI4BnD/S7y/2dBud.E5kgu16","email":"felix.pousse@gmail.com","type":"user","secret":null,"website":null,"affiliation":null,"country":"CA","bracket":null,"hidden":0,"banned":0,"verified":1,"team_id":null,"created":"2021-02-20T02:19:25"},{"id":170,"oauth_id":null,"name":"FLAG-{ImNotThere}","password":"$bcrypt-sha256$2b,12$dAxB4Ql2QQdqfWqujSMLBO$Y3s7zTlP2pEMXI7cL78Bxhnihdl30XK","email":"admin@rootinjail.com","type":"user","secret":null,"website":null,"affiliation":null,"country":null,"bracket":null,"hidden":0,"banned":0,"verified":1,"team_id":null,"created":"2021-02-20T02:29:16"},{"id":171,"oauth_id":null,"name":"JTarts","password":"$bcrypt-sha256$2b,12$8DWhuui15jhCBv5RAd1vpu$59WqbldEX/NNmVR0dgpg.poDheWSP2y","email":"jonathan.tartaglia@gmail.com","type":"user","secret":null,"website":null,"affiliation":null,"country":null,"bracket":null,"hidden":0,"banned":0,"verified":1,"team_id":null,"created":"2021-02-20T02:55:04"},{"id":172,"oauth_id":null,"name":"Horracio Arrud'hack","password":"$bcrypt-sha256$2b,12$iJHNsKC2KX6UZj7ywAbQxO$.efk99QwMd.d87Vc7JQtvuC8qL75ICi","email":"pl_lamarre@hotmail.com","type":"user","secret":null,"website":null,"affiliation":null,"country":"CA","bracket":null,"hidden":0,"banned":0,"verified":1,"team_id":null,"created":"2021-02-20T02:57:34"},{"id":173,"oauth_id":null,"name":"fzhshzh","password":"$bcrypt-sha256$2b,12$JZOAL19CpV.JRqqFjTaRSu$yElP1Xtw/sW94993HfDj.9ffonVu6k2","email":"huyong311@126.com","type":"user","secret":null,"website":null,"affiliation":null,"country":null,"bracket":null,"hidden":0,"banned":0,"verified":1,"team_id":null,"created":"2021-02-20T03:10:21"},{"id":174,"oauth_id":null,"name":"DarthLink","password":"$bcrypt-sha256$2b,12$bMtmCcgL2SF5iyKukq/jKu$efMitMA2oGnV37/dZPXSNERNcNCjYF6","email":"jmlafreniere@gmail.com","type":"user","secret":null,"website":null,"affiliation":null,"country":null,"bracket":null,"hidden":0,"banned":0,"verified":1,"team_id":null,"created":"2021-02-20T03:15:44"},{"id":175,"oauth_id":null,"name":"svieg","password":"$bcrypt-sha256$2b,12$Yp3Qjv6FnAwUdHUp3shcOe$e94d3RuVcZ7vwqRmFrw2yQS4CKyCPnG","email":"svieg.ashcasce@gmail.com","type":"admin","secret":null,"website":null,"affiliation":null,"country":null,"bracket":null,"hidden":1,"banned":0,"verified":1,"team_id":null,"created":"2021-02-20T03:30:31"},{"id":176,"oauth_id":null,"name":"gdoucet","password":"$bcrypt-sha256$2b,12$NW2tuM96NkwV/gtUGzNKWO$RtJvwYyHqfylGsE0UjA8fJ4nCJqGJJ2","email":"gd@geoffroydoucet.com","type":"user","secret":null,"website":null,"affiliation":null,"country":null,"bracket":null,"hidden":0,"banned":0,"verified":1,"team_id":null,"created":"2021-02-20T03:44:07"},{"id":177,"oauth_id":null,"name":"Strix","password":"$bcrypt-sha256$2b,12$5ASdwCy6SsGW1WfkgX54su$HzUv4p3By7D/2wjErH/.wgwfu71j/BS","email":"talon.strix@gmail.com","type":"user","secret":null,"website":null,"affiliation":"PolyHx","country":"CA","bracket":null,"hidden":0,"banned":0,"verified":1,"team_id":null,"created":"2021-02-20T03:47:02"},{"id":178,"oauth_id":null,"name":"endymion","password":"$bcrypt-sha256$2b,12$vkY5pOUv0KLOjcuIKAW0he$LJno8NxqDxvudy6A/dQYGmly8d/TI6m","email":"francisbeliveau@gmail.com","type":"user","secret":null,"website":null,"affiliation":null,"country":null,"bracket":null,"hidden":0,"banned":0,"verified":1,"team_id":null,"created":"2021-02-20T03:50:52"},{"id":179,"oauth_id":null,"name":"TheManOverTheShell","password":"$bcrypt-sha256$2b,12$kk3nqzteRUltq4MgWAiXbe$Dkn/buzpHe7d4LdyYOjVf2Mc0vfzeci","email":"yasser.raies.1@ens.etsmtl.ca","type":"user","secret":null,"website":null,"affiliation":null,"country":null,"bracket":null,"hidden":0,"banned":0,"verified":1,"team_id":null,"created":"2021-02-20T03:53:45"},{"id":180,"oauth_id":null,"name":"mturcotte","password":"$bcrypt-sha256$2b,12$/jbKjk1s.7MyFmrG.T952e$Ch20xrmCoJimWiQjN9XdGx3ULDBVDvG","email":"turcotte.maxime@gmail.com","type":"user","secret":null,"website":null,"affiliation":null,"country":"CA","bracket":null,"hidden":0,"banned":0,"verified":1,"team_id":null,"created":"2021-02-20T03:54:35"},{"id":181,"oauth_id":null,"name":"d00d","password":"$bcrypt-sha256$2b,12$b2gcPItqmY3WTIdKcocFcu$LqzRK1fcuzFoZ9jjLhUNURG72e04Y6K","email":"gamemaster12321@gmail.com","type":"user","secret":null,"website":null,"affiliation":null,"country":null,"bracket":null,"hidden":0,"banned":0,"verified":1,"team_id":null,"created":"2021-02-20T03:56:44"},{"id":182,"oauth_id":null,"name":"goji","password":"$bcrypt-sha256$2b,12$iPGwUo7Ov/J8ibJtmBZ1wu$bNsF4caAXCTus9n3CS7gh8xmlR1OH6.","email":"teodora-ariela.somfelean.1@ens.etsmtl.ca","type":"user","secret":null,"website":null,"affiliation":null,"country":null,"bracket":null,"hidden":0,"banned":0,"verified":1,"team_id":null,"created":"2021-02-20T03:58:37"},{"id":183,"oauth_id":null,"name":"JayJay7777","password":"$bcrypt-sha256$2b,12$9OrazMjMaiB2VBjZYsUJXu$oV5qDNrGcnTBC6RRAZh8VFctl6WMxBK","email":"jaytmp7777@gmail.com","type":"user","secret":null,"website":null,"affiliation":null,"country":"CA","bracket":null,"hidden":0,"banned":0,"verified":1,"team_id":null,"created":"2021-02-20T03:58:51"},{"id":184,"oauth_id":null,"name":"Spydix974","password":"$bcrypt-sha256$2b,12$Mh4cGajEgd5.8Vcsb1YNfe$tLDykwYs1KpI/PAW3dvlQdSKDohdNom","email":"leopro974@gmail.com","type":"user","secret":null,"website":null,"affiliation":null,"country":null,"bracket":null,"hidden":0,"banned":0,"verified":1,"team_id":null,"created":"2021-02-20T04:37:02"},{"id":185,"oauth_id":null,"name":"zer0x64","password":"$bcrypt-sha256$2b,12$.DtkJrG6DD8vjYP01ZMUUO$c9ecuTVTyMnzhV3MaprKwQCdKChmOfW","email":"dugre.philippe@hotmail.com","type":"admin","secret":null,"website":null,"affiliation":null,"country":null,"bracket":null,"hidden":1,"banned":0,"verified":1,"team_id":null,"created":"2021-02-20T04:43:58"},{"id":186,"oauth_id":null,"name":"ott0Sec","password":"$bcrypt-sha256$2b,12$YeUZoJIVjdwNN9T0b7YNae$YaX2Z2ZdaZnPos0NmtyzOKShiCC7.Ri","email":"serhatturhan08@gmail.com","type":"user","secret":null,"website":null,"affiliation":"Polytechnique","country":"CA","bracket":null,"hidden":0,"banned":0,"verified":1,"team_id":null,"created":"2021-02-20T04:59:27"},{"id":187,"oauth_id":null,"name":"BADboy17","password":"$bcrypt-sha256$2b,12$4vEjMxk8H7OHaIKTrOFs8e$jwf.Bhcu3YmC3zfOXUtTKbDrnGCWGue","email":"himanshumike777@protonmail.com","type":"user","secret":null,"website":null,"affiliation":null,"country":null,"bracket":null,"hidden":0,"banned":0,"verified":1,"team_id":null,"created":"2021-02-20T05:28:32"},{"id":188,"oauth_id":null,"name":"cyrille","password":"$bcrypt-sha256$2b,12$057O1Bag12WFMec3Lr.NSO$3cYf5YlV3LqUm1YYuY.Y8rfgJpkzLCO","email":"cyfongang@yahoo.fr","type":"user","secret":null,"website":null,"affiliation":null,"country":"CA","bracket":null,"hidden":0,"banned":0,"verified":0,"team_id":null,"created":"2021-02-20T05:42:32"},{"id":189,"oauth_id":null,"name":"capitaintiti","password":"$bcrypt-sha256$2b,12$3zpQz13abdXK7cCtMeOB9e$IVqSPF.ycCfDp3zharIEE9xudskQlDq","email":"thibault.d-heilly@mines-ales.org","type":"user","secret":null,"website":null,"affiliation":null,"country":null,"bracket":null,"hidden":0,"banned":0,"verified":1,"team_id":null,"created":"2021-02-20T06:37:59"},{"id":190,"oauth_id":null,"name":"Corb3nik","password":"$bcrypt-sha256$2b,12$LKbYXOdrK608z8R2p1PcIe$SOZ4zRC2RicZmQ9owdH28iF6Ih85562","email":"ian@atvh.dev","type":"user","secret":null,"website":null,"affiliation":null,"country":null,"bracket":null,"hidden":0,"banned":0,"verified":1,"team_id":null,"created":"2021-02-20T06:50:47"},{"id":191,"oauth_id":null,"name":"T0t0r0","password":"$bcrypt-sha256$2b,12$q9nnk2aHvGSWfWlO9lpvWe$2EmLH/WhpKyGWtjDfAeePaaTeD38K/W","email":"francois.voisin@protonmail.com","type":"user","secret":null,"website":null,"affiliation":null,"country":"FR","bracket":null,"hidden":0,"banned":0,"verified":1,"team_id":null,"created":"2021-02-20T07:26:53"},{"id":192,"oauth_id":null,"name":"Hope777","password":"$bcrypt-sha256$2b,12$pklHEVOXwMPrhoEs4YQG.u$2zdjWnxm3XOQUPFulWd.kdW24fjre.G","email":"amalmenzli7@gmail.com","type":"user","secret":null,"website":null,"affiliation":null,"country":null,"bracket":null,"hidden":0,"banned":0,"verified":1,"team_id":null,"created":"2021-02-20T08:35:35"},{"id":193,"oauth_id":null,"name":"hfz","password":"$bcrypt-sha256$2b,12$GwnC3OBgxTdLpjCd1uMMku$X2v/Yuh9nBP9Y28w/BjSPWALhk161lS","email":"gh_zouahi@esi.dz","type":"user","secret":null,"website":"https://hfz1337.github.io","affiliation":"","country":"DZ","bracket":null,"hidden":0,"banned":0,"verified":1,"team_id":null,"created":"2021-02-20T08:59:59"},{"id":194,"oauth_id":null,"name":"mimo","password":"$bcrypt-sha256$2b,12$.eu9CDmd82V5yIFWCyyjZ.$7rQx9S4AEBKLs12.FIylNWOtxNNRTze","email":"battou.imad@gmail.com","type":"user","secret":null,"website":null,"affiliation":null,"country":"MA","bracket":null,"hidden":0,"banned":0,"verified":1,"team_id":null,"created":"2021-02-20T09:53:29"},{"id":195,"oauth_id":null,"name":"ramzyChbl","password":"$bcrypt-sha256$2b,12$wUmSLY7Ue.iSjiJwp2xyve$Bk.JYrwTpFLzzgJBHYBKfdaRSKV4UcS","email":"gr_chikhbled@esi.dz","type":"user","secret":null,"website":null,"affiliation":null,"country":null,"bracket":null,"hidden":0,"banned":0,"verified":1,"team_id":null,"created":"2021-02-20T10:19:33"},{"id":196,"oauth_id":null,"name":"apges01","password":"$bcrypt-sha256$2b,12$rrlr9QYOylNrNz7E3nezD.$FXk9n50Or7yqZfrABOdFBnfbQ25Xb3e","email":"apges01@protonmail.com","type":"user","secret":null,"website":null,"affiliation":null,"country":"ZW","bracket":null,"hidden":0,"banned":0,"verified":1,"team_id":null,"created":"2021-02-20T11:46:08"},{"id":197,"oauth_id":null,"name":"Mela","password":"$bcrypt-sha256$2b,12$ZQIeWPQXqkwaXrXOS60fqe$PtwoumQQ8nvzF0IzkUSmzF/xgZBd4CW","email":"meladdress@protonmail.com","type":"user","secret":null,"website":null,"affiliation":null,"country":"FR","bracket":null,"hidden":0,"banned":0,"verified":1,"team_id":null,"created":"2021-02-20T11:47:09"},{"id":198,"oauth_id":null,"name":"Partigiano","password":"$bcrypt-sha256$2b,12$tKNLB2fA/kcUFkeHZRyAb.$Cr/8OK7nRdcmRncfiyjQSObWk6CLd0i","email":"gmdambroise@gmail.com","type":"user","secret":null,"website":null,"affiliation":null,"country":null,"bracket":null,"hidden":0,"banned":0,"verified":1,"team_id":null,"created":"2021-02-20T12:15:37"},{"id":199,"oauth_id":null,"name":"girlbro","password":"$bcrypt-sha256$2b,12$a9oEqUTUVGGYZeo6q1BML.$BRQKoNojLJefIg1uG/ef9A1JuK8nFeC","email":"serpentegena@gmail.com","type":"user","secret":null,"website":null,"affiliation":null,"country":null,"bracket":null,"hidden":0,"banned":0,"verified":1,"team_id":null,"created":"2021-02-20T12:23:53"},{"id":200,"oauth_id":null,"name":"syzyf","password":"$bcrypt-sha256$2b,12$sk3xYyDZ4cH1RQfph6w67e$iOl8/vi/bX0eXuuBRED9nOHaNx7EtOC","email":"aidan.c.lefrancois@gmail.com","type":"user","secret":null,"website":null,"affiliation":null,"country":null,"bracket":null,"hidden":0,"banned":0,"verified":1,"team_id":null,"created":"2021-02-20T12:27:25"},{"id":201,"oauth_id":null,"name":"cozy \ud83d\udc3b","password":"$bcrypt-sha256$2b,12$RAt.pD5cM9a4WRnUxEP5v.$JVWkz7UeeC2LjxKqd7N.3Zxx.UkobOW","email":"nwodtuhs+polyctf@pm.me","type":"user","secret":null,"website":"https://www.thehacker.recipes/","affiliation":"","country":"RU","bracket":null,"hidden":0,"banned":0,"verified":1,"team_id":null,"created":"2021-02-20T12:29:14"},{"id":202,"oauth_id":null,"name":"ewjoachim","password":"$bcrypt-sha256$2b,12$GnLEtGYl7pInhaMrE9/w6u$b7Bc6qlDb.eRrEpX0xYjZ.miwLhNJjC","email":"joachim@jablon.fr","type":"user","secret":null,"website":null,"affiliation":null,"country":"FR","bracket":null,"hidden":0,"banned":0,"verified":1,"team_id":null,"created":"2021-02-20T12:33:30"},{"id":203,"oauth_id":null,"name":"chackal","password":"$bcrypt-sha256$2b,12$Oer4QwpJt2A05yva8F4ax.$07dXGfL1VBrY1OsdbTWHZMYBRQ3Y1Be","email":"0xchackal@gmail.com","type":"user","secret":null,"website":null,"affiliation":null,"country":null,"bracket":null,"hidden":0,"banned":0,"verified":1,"team_id":null,"created":"2021-02-20T12:37:39"},{"id":204,"oauth_id":null,"name":"Monkam Djangoue Yvan","password":"$bcrypt-sha256$2b,12$AMLU5oPXy3nN9GhmPo5Ile$UUxRzWPdOHQADoA0iCRVd09sZmlSP8y","email":"ydjangoue@gmail.com","type":"user","secret":null,"website":null,"affiliation":null,"country":null,"bracket":null,"hidden":0,"banned":0,"verified":1,"team_id":null,"created":"2021-02-20T12:38:30"},{"id":205,"oauth_id":null,"name":"magicPanda","password":"$bcrypt-sha256$2b,12$N7dBAdyXyheqhnrSLzWq8.$ixsqx.1ei1jbPdKrdJ/foEzA9CxdzS.","email":"williamtang903@gmail.com","type":"user","secret":null,"website":null,"affiliation":null,"country":null,"bracket":null,"hidden":0,"banned":0,"verified":1,"team_id":null,"created":"2021-02-20T12:49:00"},{"id":206,"oauth_id":null,"name":"zou","password":"$bcrypt-sha256$2b,12$8cFOAwUX3V4WEpB8D9EStu$dlg.IU3flmB6F/M.Zp3alp7DEUtb/kO","email":"boutekedjiret@gmail.com","type":"user","secret":null,"website":null,"affiliation":null,"country":"CA","bracket":null,"hidden":0,"banned":0,"verified":1,"team_id":null,"created":"2021-02-20T13:04:52"},{"id":207,"oauth_id":null,"name":"FlaMeZ13","password":"$bcrypt-sha256$2b,12$yCG.9DmhGzoX3oWCbBVysO$dtI7kffxWa5KdQK3N4C4Ctq00HB0wr.","email":"gaming.flamez13@gmail.com","type":"user","secret":null,"website":null,"affiliation":null,"country":null,"bracket":null,"hidden":0,"banned":0,"verified":1,"team_id":null,"created":"2021-02-20T13:08:10"},{"id":208,"oauth_id":null,"name":"rompish","password":"$bcrypt-sha256$2b,12$AN3RhX/h7r7eWzdzgoSTTe$WG5haLFgH0gTEbbY34OcZEtC8P4bwLG","email":"rompish@protonmail.com","type":"user","secret":null,"website":null,"affiliation":null,"country":null,"bracket":null,"hidden":0,"banned":0,"verified":1,"team_id":null,"created":"2021-02-20T13:08:42"},{"id":209,"oauth_id":null,"name":"Khardia","password":"$bcrypt-sha256$2b,12$ow8NLSvDgeK7rtBRqI2Dsu$sICnzaid4AoWCf5IZaAiUjSgp3JkqO2","email":"davealexandregrant@gmail.com","type":"user","secret":null,"website":null,"affiliation":null,"country":null,"bracket":null,"hidden":0,"banned":0,"verified":1,"team_id":null,"created":"2021-02-20T13:11:57"},{"id":210,"oauth_id":null,"name":"nascopie","password":"$bcrypt-sha256$2b,12$oqmMhnLlILqJteQW3GVCjO$SquCbIrwtGXYa9tDf.JvmbrwxA7CnzC","email":"benjamin3191@gmail.com","type":"user","secret":null,"website":null,"affiliation":null,"country":null,"bracket":null,"hidden":0,"banned":0,"verified":1,"team_id":null,"created":"2021-02-20T13:24:26"},{"id":211,"oauth_id":null,"name":"RobotMechant","password":"$bcrypt-sha256$2b,12$PRBeYE597RlTWxq9s.M.qO$wY7WiRUXBnrNCUtVq4phduOQ/N0mSre","email":"bernieryan85@gmail.com","type":"user","secret":null,"website":null,"affiliation":null,"country":null,"bracket":null,"hidden":0,"banned":0,"verified":1,"team_id":null,"created":"2021-02-20T13:25:22"},{"id":212,"oauth_id":null,"name":"Spicy_ChickenWing","password":"$bcrypt-sha256$2b,12$FCPCm775xS2yj9KP4L53mu$kV.lyDXpJtrX.pPDpdasMGsZB4TcY5q","email":"jmartineaurousseau@gmail.com","type":"user","secret":null,"website":null,"affiliation":null,"country":"CA","bracket":null,"hidden":0,"banned":0,"verified":1,"team_id":null,"created":"2021-02-20T13:25:41"},{"id":213,"oauth_id":null,"name":"br0wnie","password":"$bcrypt-sha256$2b,12$vlWAy2boUemxjwvTm0aKVu$BhNHDfkMnwIJWrbewf2QQjrLfsuwH7y","email":"s94brown@gmail.com","type":"user","secret":null,"website":null,"affiliation":null,"country":null,"bracket":null,"hidden":0,"banned":0,"verified":1,"team_id":null,"created":"2021-02-20T13:25:56"},{"id":214,"oauth_id":null,"name":"smalto","password":"$bcrypt-sha256$2b,12$e16m4LFosH9kFw6KoyXNge$/s8LhuGX9rlVUqp2H4RaTBxZPd6r2KW","email":"francesconyembo@gmail.com","type":"user","secret":null,"website":null,"affiliation":null,"country":null,"bracket":null,"hidden":0,"banned":0,"verified":1,"team_id":null,"created":"2021-02-20T13:28:14"},{"id":215,"oauth_id":null,"name":"Egide","password":"$bcrypt-sha256$2b,12$C2Y1.xI4AdCvBXs3FymVfu$HvG6jPjWBFwc7Hqs3F8/3DRJSv2Fipe","email":"raphael-m@hotmail.fr","type":"user","secret":null,"website":null,"affiliation":null,"country":"FR","bracket":null,"hidden":0,"banned":0,"verified":1,"team_id":null,"created":"2021-02-20T13:29:18"},{"id":216,"oauth_id":null,"name":"ShaiBrin","password":"$bcrypt-sha256$2b,12$dL4tQM0ZFHX2EVjoiYseHu$a/RdCGEyBVR..PUYfmJQtkLul4Nm3zW","email":"ishraq-mahmud.shabab.1@ens.etsmtl.ca","type":"user","secret":null,"website":null,"affiliation":null,"country":null,"bracket":null,"hidden":0,"banned":0,"verified":1,"team_id":null,"created":"2021-02-20T13:34:04"},{"id":217,"oauth_id":null,"name":"FleurDeLyss","password":"$bcrypt-sha256$2b,12$CrL4tF60bKJnw/mnSKOQr.$67kUuqaUIBcug0fkk6aIXVpHmI.PUw.","email":"lyssandrechrzaszcz@redtek.space","type":"user","secret":null,"website":null,"affiliation":null,"country":"CA","bracket":null,"hidden":0,"banned":0,"verified":1,"team_id":null,"created":"2021-02-20T13:36:03"},{"id":218,"oauth_id":null,"name":"n00\ud83d\udd11","password":"$bcrypt-sha256$2b,12$Rd8fJQMYQLeKGx4C69xc5.$jI2P4F5EUQ0QC/FW6FvxMcTm3rEnBJa","email":"pswalia1u@gmail.com","type":"user","secret":null,"website":null,"affiliation":null,"country":null,"bracket":null,"hidden":0,"banned":0,"verified":1,"team_id":null,"created":"2021-02-20T13:42:37"},{"id":219,"oauth_id":null,"name":"youssefenn","password":"$bcrypt-sha256$2b,12$yOhzWZeM5rwN3B3rZYknde$Kdx0vZudN3PEBPtjGQt/wm4HUawCCqy","email":"ennaciri.youssef47@gmail.com","type":"user","secret":null,"website":null,"affiliation":null,"country":null,"bracket":null,"hidden":0,"banned":0,"verified":1,"team_id":null,"created":"2021-02-20T13:44:54"},{"id":220,"oauth_id":null,"name":"Sanjay Singh Kuntal","password":"$bcrypt-sha256$2b,12$45zMk2xS17G7OiXl2MNUHO$EsyDEJCPWcIDdGHG7fI5mscLRjHmYrq","email":"smahakali25@gmail.com","type":"user","secret":null,"website":null,"affiliation":null,"country":null,"bracket":null,"hidden":0,"banned":0,"verified":1,"team_id":null,"created":"2021-02-20T13:45:00"},{"id":221,"oauth_id":null,"name":"Jules","password":"$bcrypt-sha256$2b,12$fYmigDdVoiGLtEnF0A5f1u$lCI.6nIJhAkO7nH2pWgMDHdDrbPcD86","email":"mmorinj@outlook.com","type":"user","secret":null,"website":null,"affiliation":null,"country":"CA","bracket":null,"hidden":0,"banned":0,"verified":1,"team_id":null,"created":"2021-02-20T13:47:05"},{"id":222,"oauth_id":null,"name":"roloroll","password":"$bcrypt-sha256$2b,12$ZzSA7CaTAhf47W6tJp0F5.$KIsrjCqUrNjjqCOx5AwROZdQI53voJi","email":"fredlenomade@gmail.com","type":"user","secret":null,"website":null,"affiliation":null,"country":null,"bracket":null,"hidden":0,"banned":0,"verified":1,"team_id":null,"created":"2021-02-20T13:54:42"},{"id":223,"oauth_id":null,"name":"KptCheeseWhiz","password":"$bcrypt-sha256$2b,12$e40DAw6dEtvUi3OwKTdLgu$K/GOImXm0zfnCDasDzEb3QUcbQHMrcW","email":"24hductf@monordibogue.com","type":"user","secret":null,"website":null,"affiliation":null,"country":"CA","bracket":null,"hidden":0,"banned":0,"verified":1,"team_id":null,"created":"2021-02-20T13:55:15"},{"id":224,"oauth_id":null,"name":"c\u0336\u030b\u0323r\u0337\u031b\u0355o\u0335\u030b\u032fi\u0336\u0307\u035cs\u0335\u0360\u0354s\u0337\u030e\u0349a\u0337\u0307\u0320n\u0334\u030b\u0339t\u0336\u034b\u0324s\u0337\u0315\u0331","password":"$bcrypt-sha256$2b,12$An/mp7IJsIrcOy1ViQWCn.$Vllu/aTwsU63F9V.xfv.uFcTRi56hki","email":"kvwaljam@protonmail.ch","type":"user","secret":null,"website":null,"affiliation":null,"country":null,"bracket":null,"hidden":0,"banned":0,"verified":1,"team_id":null,"created":"2021-02-20T13:55:53"},{"id":225,"oauth_id":null,"name":"ishak2009","password":"$bcrypt-sha256$2b,12$hR7tFt2t4PkBYcDDXtGcX.$O7K8bYywLK1L87l01RmqIoD0Scyn/.6","email":"mohand.mahiou@polymtl.ca","type":"user","secret":null,"website":null,"affiliation":null,"country":null,"bracket":null,"hidden":0,"banned":0,"verified":1,"team_id":null,"created":"2021-02-20T13:56:01"},{"id":226,"oauth_id":null,"name":"KH405","password":"$bcrypt-sha256$2b,12$uaqJq6JjzeU1lCq6VY0Vl.$RkPryhg6qugfsTjroH2uzArhcpEOGQm","email":"jason.mercier@polymtl.ca","type":"user","secret":null,"website":null,"affiliation":null,"country":null,"bracket":null,"hidden":0,"banned":0,"verified":1,"team_id":null,"created":"2021-02-20T13:58:28"},{"id":227,"oauth_id":null,"name":"Ph","password":"$bcrypt-sha256$2b,12$TiF.SIK51QpfJIAzSM5l1O$AyenzNk7YJ4pq3PCuolQTRw7XfahVMu","email":"bitelait@gmail.com","type":"user","secret":null,"website":null,"affiliation":null,"country":null,"bracket":null,"hidden":0,"banned":0,"verified":0,"team_id":null,"created":"2021-02-20T13:58:49"},{"id":228,"oauth_id":null,"name":"panick0","password":"$bcrypt-sha256$2b,12$EgwOKAAR8pGi30hgrYJE3.$S3C3XBb47EVxJIaxXvzc1VyJowVqUiC","email":"ww-b@pm.me","type":"user","secret":null,"website":null,"affiliation":null,"country":null,"bracket":null,"hidden":0,"banned":0,"verified":1,"team_id":null,"created":"2021-02-20T13:59:03"},{"id":229,"oauth_id":null,"name":"adriens","password":"$bcrypt-sha256$2b,12$K7GNNct2GYNiOqjo7tdrdO$QZ.INBX0Jwic86o4EklrNo2WtPZZNh.","email":"adrien.saladin@gmail.com","type":"user","secret":null,"website":null,"affiliation":null,"country":null,"bracket":null,"hidden":0,"banned":0,"verified":1,"team_id":null,"created":"2021-02-20T14:00:08"},{"id":230,"oauth_id":null,"name":"Cedric","password":"$bcrypt-sha256$2b,12$AVW1s71mMYia/MijfXkI4e$E/6yuC0sn1giFi.uILPv5L5ZHeaU.uy","email":"cedric.brossard@gmail.com","type":"user","secret":null,"website":null,"affiliation":null,"country":"CA","bracket":null,"hidden":0,"banned":0,"verified":1,"team_id":null,"created":"2021-02-20T14:03:41"},{"id":231,"oauth_id":null,"name":"Vlou","password":"$bcrypt-sha256$2b,12$bvyCxd5w8QJHdZHjgk.kX.$cjU/mPl1PKal91M3iPSKVY55pEB7jBm","email":"valentin.chelle@polymtl.ca","type":"user","secret":null,"website":null,"affiliation":null,"country":"FR","bracket":null,"hidden":0,"banned":0,"verified":1,"team_id":null,"created":"2021-02-20T14:04:25"},{"id":232,"oauth_id":null,"name":"liz-blgr","password":"$bcrypt-sha256$2b,12$opa0gh.xvESFfngAYrN.u.$2SWZ2hJBjUi9zbYpDHPd1WXb3ZLDmrO","email":"liliya.boyadjieva@outlook.com","type":"user","secret":null,"website":null,"affiliation":null,"country":"CA","bracket":null,"hidden":0,"banned":0,"verified":1,"team_id":null,"created":"2021-02-20T14:04:48"},{"id":233,"oauth_id":null,"name":"NETtoyeur","password":"$bcrypt-sha256$2b,12$9raguws0hcLneUxoYQRBY.$2jFYMIPA4MkgiYs0/D3n6QKMQorcFde","email":"nguyen.alex@outlook.com","type":"user","secret":null,"website":null,"affiliation":null,"country":"CA","bracket":null,"hidden":0,"banned":0,"verified":1,"team_id":null,"created":"2021-02-20T14:07:06"},{"id":234,"oauth_id":null,"name":"noor572","password":"$bcrypt-sha256$2b,12$LEcDd6xUt012Phy5QBNdVO$nWdSmIeO/fR3H1OeC7LAiQa.pzxZWy.","email":"sdiallo@pm.me","type":"user","secret":null,"website":null,"affiliation":null,"country":null,"bracket":null,"hidden":0,"banned":0,"verified":1,"team_id":null,"created":"2021-02-20T14:08:32"},{"id":235,"oauth_id":null,"name":"V","password":"$bcrypt-sha256$2b,12$14t6bJ1GCWLGPTtKorXnM.$et3RFptIYfLtTbaguHdiHVi/DtiBNV.","email":"victorduplenschi@gmail.com","type":"user","secret":null,"website":null,"affiliation":null,"country":null,"bracket":null,"hidden":0,"banned":0,"verified":1,"team_id":null,"created":"2021-02-20T14:10:38"},{"id":236,"oauth_id":null,"name":"AmanAtao","password":"$bcrypt-sha256$2b,12$Bx9O2Hgy6QZiJ1OpFN9TmO$zc2Px/yRYTdeMwpp9hEi3.IACBE2MPy","email":"antoine.lenours@gmail.com","type":"user","secret":null,"website":null,"affiliation":null,"country":null,"bracket":null,"hidden":0,"banned":0,"verified":1,"team_id":null,"created":"2021-02-20T14:10:56"},{"id":237,"oauth_id":null,"name":"Alexa","password":"$bcrypt-sha256$2b,12$qeZkpWheSG6a6zOl0E.6Wu$Nmn00az9kj0vOdtt83mvfXLJvKwmV3u","email":"sonaalexa@gmail.com","type":"user","secret":null,"website":null,"affiliation":null,"country":null,"bracket":null,"hidden":0,"banned":0,"verified":1,"team_id":null,"created":"2021-02-20T14:12:41"},{"id":238,"oauth_id":null,"name":"m0f0","password":"$bcrypt-sha256$2b,12$0eTLDTOAo3mMkLa7MSt3su$MQar8W.ZRC7yi6q8jdXVr4qjYCYdm5a","email":"patrice.lavigne@gmail.com","type":"user","secret":null,"website":null,"affiliation":null,"country":"AF","bracket":null,"hidden":0,"banned":0,"verified":1,"team_id":null,"created":"2021-02-20T14:13:12"},{"id":239,"oauth_id":null,"name":"peanut","password":"$bcrypt-sha256$2b,12$OLwtjIdkJTM5MwLuein4le$DvNZxVSBiSIW2d5OaqByfVipBiTTyaW","email":"patrick.rst@polymtl.ca","type":"user","secret":null,"website":null,"affiliation":null,"country":null,"bracket":null,"hidden":0,"banned":0,"verified":1,"team_id":null,"created":"2021-02-20T14:16:32"},{"id":240,"oauth_id":null,"name":"Charles-Etienne D\u00e9sormeaux","password":"$bcrypt-sha256$2b,12$hSU3.uK6v1KBE8hzrn.5Xu$EWq1TfA9RDd2XKnuZbryz8zROko9STS","email":"desormeaux.charlesetienne@gmail.com","type":"user","secret":null,"website":null,"affiliation":null,"country":null,"bracket":null,"hidden":0,"banned":0,"verified":1,"team_id":null,"created":"2021-02-20T14:17:33"},{"id":241,"oauth_id":null,"name":"\\X0D_MOON\u00b2","password":"$bcrypt-sha256$2b,12$Q00dXpBZEKuSoSRsCXMoJ.$Pa4wtva/djFX8LPhPvQgl7aknzZHoYG","email":"florian.mounier@waywoth.fr","type":"user","secret":null,"website":null,"affiliation":null,"country":null,"bracket":null,"hidden":0,"banned":0,"verified":1,"team_id":null,"created":"2021-02-20T14:22:45"},{"id":242,"oauth_id":null,"name":"alexie","password":"$bcrypt-sha256$2b,12$V6YLYfOUksJ8Eh2V0q7yUu$6ILN42AR5SY.oXKCRCwlxUp6eT5t/jO","email":"alexie@live.ca","type":"user","secret":null,"website":null,"affiliation":null,"country":null,"bracket":null,"hidden":0,"banned":0,"verified":1,"team_id":null,"created":"2021-02-20T14:23:49"},{"id":243,"oauth_id":null,"name":"Fav","password":"$bcrypt-sha256$2b,12$ACZmJ65a6tcLxugaYAIsf.$MOyQK5.ts/0vtXufZGfZStO2ZFXr34.","email":"favouremeakama@gmail.com","type":"user","secret":null,"website":null,"affiliation":null,"country":null,"bracket":null,"hidden":0,"banned":0,"verified":1,"team_id":null,"created":"2021-02-20T14:26:18"},{"id":244,"oauth_id":null,"name":"CyberOhms","password":"$bcrypt-sha256$2b,12$0aqPECkivK416gLlBLXag.$cEnSlrqeiiTf6IPzSX62QEZQghBzeyG","email":"cgr@sudomail.com","type":"user","secret":null,"website":null,"affiliation":null,"country":null,"bracket":null,"hidden":0,"banned":0,"verified":1,"team_id":null,"created":"2021-02-20T14:30:22"},{"id":245,"oauth_id":null,"name":"Nav","password":"$bcrypt-sha256$2b,12$xBo4Z8rdtSrYGuzcK7xf8u$StE5xFJRNM1V7WcIR5qblSReryasCUe","email":"sangheranav@gmail.com","type":"user","secret":null,"website":null,"affiliation":null,"country":null,"bracket":null,"hidden":0,"banned":0,"verified":1,"team_id":null,"created":"2021-02-20T14:31:39"},{"id":246,"oauth_id":null,"name":"da3ss","password":"$bcrypt-sha256$2b,12$FSkpvy.TWSL.Wt7sPv95Pe$YQzOoy5Qfoyf7nrtu9jtNAVkk8PrwVy","email":"omar.aouaj@hotmail.com","type":"user","secret":null,"website":null,"affiliation":null,"country":null,"bracket":null,"hidden":0,"banned":0,"verified":1,"team_id":null,"created":"2021-02-20T14:32:04"},{"id":247,"oauth_id":null,"name":"W00dy","password":"$bcrypt-sha256$2b,12$Uo81jKPLaj5WqZmt7XQepe$WmVOstbAuZ2MF0cRV0g/cwa4/gFd.bO","email":"gabriel.bureau@protonmail.com","type":"user","secret":null,"website":null,"affiliation":null,"country":"FR","bracket":null,"hidden":0,"banned":0,"verified":1,"team_id":null,"created":"2021-02-20T14:33:50"},{"id":248,"oauth_id":null,"name":"K8pl3r","password":"$bcrypt-sha256$2b,12$V0l8rvBeTFK1qC2XX3PJh.$LMklJm2h.WA5VWuvC1FEpMku0/.eBce","email":"k8pl3r@gmail.com","type":"user","secret":null,"website":null,"affiliation":null,"country":null,"bracket":null,"hidden":0,"banned":0,"verified":1,"team_id":null,"created":"2021-02-20T14:35:25"},{"id":249,"oauth_id":null,"name":"Debon C","password":"$bcrypt-sha256$2b,12$2s/eIGGhPXE.443D4n/rB.$ZTowzOd1REKU636mCRS.EvVcD5q8qxK","email":"c.debon@free.fr","type":"user","secret":null,"website":null,"affiliation":null,"country":null,"bracket":null,"hidden":0,"banned":0,"verified":1,"team_id":null,"created":"2021-02-20T14:39:25"},{"id":250,"oauth_id":null,"name":"tshaynik","password":"$bcrypt-sha256$2b,12$i1WgWYC0C8tOxfj.LhudfO$ggIGvPwmrnQWyZT2zKVzZECvTlumDrq","email":"tshaynik@protonmail.com","type":"user","secret":null,"website":null,"affiliation":null,"country":null,"bracket":null,"hidden":0,"banned":0,"verified":1,"team_id":null,"created":"2021-02-20T14:39:31"},{"id":251,"oauth_id":null,"name":"AE86","password":"$bcrypt-sha256$2b,12$zOt4oG8cAQ2ruhdaw0fAbu$kKTQG6Hl9J5u4dNAKO104GHBQmF.y5.","email":"deltaspectramwo@gmail.com","type":"user","secret":null,"website":"https://en.wikipedia.org/wiki/Toyota_AE86","affiliation":"AE86","country":"CA","bracket":null,"hidden":0,"banned":0,"verified":1,"team_id":null,"created":"2021-02-20T14:42:06"},{"id":252,"oauth_id":null,"name":"ChronoCode","password":"$bcrypt-sha256$2b,12$MTsz7ALlz0/Kf0NcUnSMMO$9ObZgaFxJ12TbE2XRi57siB1PBMldWe","email":"rochon.gabriel1@gmail.com","type":"user","secret":null,"website":null,"affiliation":null,"country":"CA","bracket":null,"hidden":0,"banned":0,"verified":1,"team_id":null,"created":"2021-02-20T14:42:32"},{"id":253,"oauth_id":null,"name":"Didi La Foudre","password":"$bcrypt-sha256$2b,12$VnW82ZJJjIG2MxN9BU5rs.$.Imr0oLbZk0/D7CDPbKX9RTjvuYxJy2","email":"patvilleneuve79@gmail.com","type":"user","secret":null,"website":null,"affiliation":null,"country":null,"bracket":null,"hidden":0,"banned":0,"verified":1,"team_id":null,"created":"2021-02-20T14:45:26"},{"id":254,"oauth_id":null,"name":"Abz","password":"$bcrypt-sha256$2b,12$DjccP7P/bNRAOusGLJomfe$nJwruOkKAojaq5LLV2uGkwo3.fwfmMW","email":"abdul.32@hotmail.com","type":"user","secret":null,"website":null,"affiliation":null,"country":null,"bracket":null,"hidden":0,"banned":0,"verified":1,"team_id":null,"created":"2021-02-20T14:46:05"},{"id":255,"oauth_id":null,"name":"JackDan","password":"$bcrypt-sha256$2b,12$J0y8XgfzRn7fhsnFe1SRMu$BO84x5HOdNy/TzY.nrmT3M/E2T/4oR.","email":"jackdan@jackdan.com","type":"user","secret":null,"website":null,"affiliation":null,"country":"CA","bracket":null,"hidden":0,"banned":0,"verified":1,"team_id":null,"created":"2021-02-20T14:48:57"},{"id":256,"oauth_id":null,"name":"mb","password":"$bcrypt-sha256$2b,12$CLNiFiUx6JNPadSdNf.77u$frm.eZOrV/atrzfh0IgClJZsfMAo.lu","email":"mbfacture@gmail.com","type":"user","secret":null,"website":null,"affiliation":null,"country":null,"bracket":null,"hidden":0,"banned":0,"verified":0,"team_id":null,"created":"2021-02-20T14:49:52"},{"id":257,"oauth_id":null,"name":"Gascon","password":"$bcrypt-sha256$2b,12$JwSC/lEFDZ0WEmZjiY0vqO$FVPMyO1jOHCyYf/KQ8bKFWu1C6nwp6K","email":"mathieuglefebvre@gmail.com","type":"user","secret":null,"website":null,"affiliation":null,"country":"CA","bracket":null,"hidden":0,"banned":0,"verified":1,"team_id":null,"created":"2021-02-20T14:51:31"},{"id":258,"oauth_id":null,"name":"pepsiflat","password":"$bcrypt-sha256$2b,12$C7uNJ5OC5OEtJbJWKLBpkO$8/rN1eNNUY6zpeYgtuXhY8tJNAEA89m","email":"pepsiflat@gmail.com","type":"user","secret":null,"website":null,"affiliation":null,"country":null,"bracket":null,"hidden":0,"banned":0,"verified":1,"team_id":null,"created":"2021-02-20T14:55:50"},{"id":259,"oauth_id":null,"name":"STOP VOUS RENAME WOLA ","password":"$bcrypt-sha256$2b,12$gI/2WKHTlTg4N6QOriykH.$Uo51lfyJA5GdbTZm4eg/Ob4czTLYl1q","email":"ryan-68@live.fr","type":"user","secret":null,"website":null,"affiliation":null,"country":null,"bracket":null,"hidden":0,"banned":0,"verified":1,"team_id":null,"created":"2021-02-20T14:55:54"},{"id":260,"oauth_id":null,"name":"Cleve","password":"$bcrypt-sha256$2b,12$n0uvhIFOz.Fed1SJojCjtO$117XVMdBhejC8/EylWiI7efK.1ZjBla","email":"cleve@riseup.net","type":"user","secret":null,"website":null,"affiliation":null,"country":null,"bracket":null,"hidden":0,"banned":0,"verified":1,"team_id":null,"created":"2021-02-20T14:59:32"},{"id":261,"oauth_id":null,"name":"l.jouvet","password":"$bcrypt-sha256$2b,12$rn/JPv0vJCNLFFudSCUQ7u$Md0Df6AcjyKDKVL9Roe.OPQjpH2CXBu","email":"l.jouvet@protonmail.com","type":"user","secret":null,"website":null,"affiliation":null,"country":null,"bracket":null,"hidden":0,"banned":0,"verified":1,"team_id":null,"created":"2021-02-20T15:00:20"},{"id":262,"oauth_id":null,"name":"axdoomer","password":"$bcrypt-sha256$2b,12$HejI0xivhta7MIAqdtTn..$IDBG4XPpa30CeeoClxfBOAbx9EbxDgG","email":"alexandrexavier@live.ca","type":"user","secret":null,"website":null,"affiliation":null,"country":null,"bracket":null,"hidden":0,"banned":0,"verified":1,"team_id":null,"created":"2021-02-20T15:00:26"},{"id":263,"oauth_id":null,"name":"SteveG","password":"$bcrypt-sha256$2b,12$UXZhSEhMy9uNcuHmgar2re$lcy85Y2oKYa3d9ynz/bxIW8sgohph8O","email":"bengir99@gmail.com","type":"user","secret":null,"website":null,"affiliation":null,"country":null,"bracket":null,"hidden":0,"banned":0,"verified":1,"team_id":null,"created":"2021-02-20T15:03:13"},{"id":264,"oauth_id":null,"name":"jeanguillaume","password":"$bcrypt-sha256$2b,12$7Ej/aN2f9H/IAyZZtbEXUe$hWdzKHilOXIQfQiGne5GhuvVl4j8LG2","email":"jeanguillaumel@hotmail.com","type":"user","secret":null,"website":null,"affiliation":null,"country":"CA","bracket":null,"hidden":0,"banned":0,"verified":1,"team_id":null,"created":"2021-02-20T15:03:15"},{"id":265,"oauth_id":null,"name":"Balnian","password":"$bcrypt-sha256$2b,12$66eBy1uq8ktgTnlxaPLfHe$LnyTVEODIalEbSNRnApqL63IC9mzO4i","email":"lemairefrancis10@gmail.com","type":"user","secret":null,"website":null,"affiliation":null,"country":null,"bracket":null,"hidden":0,"banned":0,"verified":1,"team_id":null,"created":"2021-02-20T15:03:40"},{"id":266,"oauth_id":null,"name":"hide-yo-flags","password":"$bcrypt-sha256$2b,12$.uh/DTR3A.L7qnEXC1zUCu$CM6OXqknYwpVXuZ3Mwexo2DeM3Xehte","email":"yvan.laverdiere@polymtl.ca","type":"user","secret":null,"website":null,"affiliation":null,"country":null,"bracket":null,"hidden":0,"banned":0,"verified":1,"team_id":null,"created":"2021-02-20T15:04:53"},{"id":267,"oauth_id":null,"name":"player1","password":"$bcrypt-sha256$2b,12$BPrqNw2.tOqb2y6vLMOSge$Uxdw6mq1WZSSwMec/Be20V1fBZuJ3lK","email":"ctybletrjfjfehejas@wqcefp.com","type":"user","secret":null,"website":null,"affiliation":null,"country":null,"bracket":null,"hidden":0,"banned":0,"verified":1,"team_id":null,"created":"2021-02-20T15:04:55"},{"id":268,"oauth_id":null,"name":"alessmorsella","password":"$bcrypt-sha256$2b,12$/5T4JRmyfZzKxAqtRx3U6u$wteX09zCvFF.LkAHpqFgHomRpbQYl2u","email":"alessandromorsella@gmail.com","type":"user","secret":null,"website":null,"affiliation":null,"country":null,"bracket":null,"hidden":0,"banned":0,"verified":1,"team_id":null,"created":"2021-02-20T15:05:05"},{"id":269,"oauth_id":null,"name":"Cristalden","password":"$bcrypt-sha256$2b,12$URgXSHW6JXutkSE6KYxeQe$Jzyi8teueKRNgyCPNN97.zxHxDidSKm","email":"cristalden@protonmail.com","type":"user","secret":null,"website":null,"affiliation":null,"country":null,"bracket":null,"hidden":0,"banned":0,"verified":1,"team_id":null,"created":"2021-02-20T15:06:23"},{"id":270,"oauth_id":null,"name":"m0ulti","password":"$bcrypt-sha256$2b,12$xCXUmuoOMnoZYRSZY5BTge$a/e/2TvmSMD6pPqOnxsukX2QdnXqcte","email":"m0ultimail@protonmail.com","type":"user","secret":null,"website":null,"affiliation":null,"country":null,"bracket":null,"hidden":0,"banned":0,"verified":1,"team_id":null,"created":"2021-02-20T15:10:44"},{"id":271,"oauth_id":null,"name":"JSLemaire","password":"$bcrypt-sha256$2b,12$1ryKTAT0dfAbBuzjYcYm.e$SmCzYXS10zDI5d25ruPWBJaRhoS1vcS","email":"jean-sebastien.lemaire@polymtl.ca","type":"user","secret":null,"website":null,"affiliation":null,"country":null,"bracket":null,"hidden":0,"banned":0,"verified":1,"team_id":null,"created":"2021-02-20T15:30:37"},{"id":272,"oauth_id":null,"name":"Ethicalkev","password":"$bcrypt-sha256$2b,12$9VmEKK7NYZb5t60CuUhoV.$NePdTZV8sRvWzBWptggQ3rOmeFZHpOa","email":"ethicalkev@gmail.com","type":"user","secret":null,"website":null,"affiliation":null,"country":null,"bracket":null,"hidden":0,"banned":0,"verified":1,"team_id":null,"created":"2021-02-20T15:37:21"},{"id":273,"oauth_id":null,"name":"t3kn1cs","password":"$bcrypt-sha256$2b,12$kI0RcNklKiKHjC5i.WLuwO$TpZSluPCgGMIlZ9bDZPfoFZxlkZcxXu","email":"t3kn1cs@gmail.com","type":"user","secret":null,"website":null,"affiliation":null,"country":null,"bracket":null,"hidden":0,"banned":0,"verified":1,"team_id":null,"created":"2021-02-20T15:47:01"},{"id":274,"oauth_id":null,"name":"Enelg","password":"$bcrypt-sha256$2b,12$OhTQQr2gtBfRmYyxvlgHi.$9f0Az0flWX2XzaNvTKfjwiOhFOtNkuC","email":"yann.grossenbacher@bluewin.ch","type":"user","secret":null,"website":null,"affiliation":null,"country":null,"bracket":null,"hidden":0,"banned":0,"verified":1,"team_id":null,"created":"2021-02-20T15:52:56"},{"id":275,"oauth_id":null,"name":"Mr.Un1k0d3r","password":"$bcrypt-sha256$2b,12$nPapC8A/AI9Amz8ASzO/le$/QewQ0OMapvx/dsVFyqm.cge5zKr5Dq","email":"mr.un1k0d3r@gmail.com","type":"user","secret":null,"website":null,"affiliation":null,"country":null,"bracket":null,"hidden":0,"banned":0,"verified":1,"team_id":null,"created":"2021-02-20T15:53:23"},{"id":276,"oauth_id":null,"name":"MrsLenon","password":"$bcrypt-sha256$2b,12$hOGI8jh4wH7kg7HF50VEHu$IIJTGqKIbF4Jn6d1a0H4TViGeMKv5Re","email":"leanne.dutil@gmail.com","type":"user","secret":null,"website":null,"affiliation":null,"country":null,"bracket":null,"hidden":0,"banned":0,"verified":1,"team_id":null,"created":"2021-02-20T16:02:56"},{"id":277,"oauth_id":null,"name":"takrachi","password":"$bcrypt-sha256$2b,12$q9.4T/HCMpwJhj/BpzVQ5O$SOnqyAfprHRhS4MYf8F6AuQH8pUi0sK","email":"takrachi@protonmail.com","type":"user","secret":null,"website":null,"affiliation":null,"country":"CA","bracket":null,"hidden":0,"banned":0,"verified":1,"team_id":null,"created":"2021-02-20T16:18:04"},{"id":278,"oauth_id":null,"name":"bus7d","password":"$bcrypt-sha256$2b,12$.4sPGOE.LVVQ42aBwvD5nu$dLFS5zANeYWuDW1r8s9A3U/bi4eWn.a","email":"ctf@bus7dz.cc","type":"user","secret":null,"website":null,"affiliation":null,"country":null,"bracket":null,"hidden":0,"banned":0,"verified":1,"team_id":null,"created":"2021-02-20T16:35:08"},{"id":279,"oauth_id":null,"name":"Seb","password":"$bcrypt-sha256$2b,12$qiAr20DqSIwUxk3K1T1zLu$Z5Ek/Op/kAg8HS6j46CFSHLWWIIcvMy","email":"sebz29@live.fr","type":"user","secret":null,"website":null,"affiliation":null,"country":null,"bracket":null,"hidden":0,"banned":0,"verified":1,"team_id":null,"created":"2021-02-20T16:36:04"},{"id":280,"oauth_id":null,"name":"jbrise_toute","password":"$bcrypt-sha256$2b,12$Ac2RxJlVtLpbw.Zr4Ms.rO$ptCUpsf7.JDoK0g.J/9TC4o/UwHEBsK","email":"flacoste@sekodo.com","type":"user","secret":null,"website":null,"affiliation":null,"country":null,"bracket":null,"hidden":0,"banned":0,"verified":1,"team_id":null,"created":"2021-02-20T16:42:16"},{"id":281,"oauth_id":null,"name":"phildragonbleu","password":"$bcrypt-sha256$2b,12$jfPAawjyUgf/RlrMIehV4.$8J.MzAHl/UUShQHfelRLY3A/BTGxp86","email":"techno-phil91@hotmail.com","type":"user","secret":null,"website":null,"affiliation":null,"country":null,"bracket":null,"hidden":0,"banned":0,"verified":1,"team_id":null,"created":"2021-02-20T16:43:10"},{"id":282,"oauth_id":null,"name":"christsfeir","password":"$bcrypt-sha256$2b,12$deW0GcezD6BcB5eu6MH3q.$cFstozH8z6PMignwPDa2/k8ISp.vW7u","email":"christsfeir@gmail.com","type":"user","secret":null,"website":null,"affiliation":null,"country":null,"bracket":null,"hidden":0,"banned":0,"verified":1,"team_id":null,"created":"2021-02-20T16:46:29"},{"id":283,"oauth_id":null,"name":"deltalphanovem","password":"$bcrypt-sha256$2b,12$7RGJ9vIviFFS/HBo64ij0.$iqdEiCBZNtEoFevlq0ftOpTqVGqNkpW","email":"dasselin@espia.ca","type":"user","secret":null,"website":null,"affiliation":null,"country":null,"bracket":null,"hidden":1,"banned":0,"verified":1,"team_id":null,"created":"2021-02-20T16:55:49"},{"id":284,"oauth_id":null,"name":"dborborc","password":"$bcrypt-sha256$2b,12$JdhSmaAiHkpw42Om6gcHSu$aA6BBbXwU7o6E5XVMKxdsmoVPfJtmhC","email":"dborbor@genetec.com","type":"user","secret":null,"website":null,"affiliation":null,"country":null,"bracket":null,"hidden":0,"banned":0,"verified":1,"team_id":null,"created":"2021-02-20T17:05:32"},{"id":285,"oauth_id":null,"name":"f4nd4ng0","password":"$bcrypt-sha256$2b,12$b1u1cGfCstMWuCxIYAwIjO$mB1s5cdtp9CgFI2WJk6Myqh1KJrdP0q","email":"v1nc3ntboucher@gmail.com","type":"user","secret":null,"website":null,"affiliation":null,"country":null,"bracket":null,"hidden":0,"banned":0,"verified":1,"team_id":null,"created":"2021-02-20T17:09:38"},{"id":286,"oauth_id":null,"name":"Goyette","password":"$bcrypt-sha256$2b,12$gOqTvU2VtLSrWQu0/dIE1.$EOAM1k12AbIrSk48rnv5XsP3v8cphSS","email":"maxgoyette0@gmail.com","type":"user","secret":null,"website":null,"affiliation":null,"country":null,"bracket":null,"hidden":0,"banned":0,"verified":1,"team_id":null,"created":"2021-02-20T17:31:50"},{"id":287,"oauth_id":null,"name":"ImFlo","password":"$bcrypt-sha256$2b,12$JfSjJEV9e0NZBiwawfrEjO$fnr3fm3hhjbqSFnpV8LB2UhR3oofpgW","email":"f.sicchio@gmail.com","type":"user","secret":null,"website":null,"affiliation":null,"country":null,"bracket":null,"hidden":0,"banned":0,"verified":1,"team_id":null,"created":"2021-02-20T17:52:38"},{"id":288,"oauth_id":null,"name":"IDontKnOw","password":"$bcrypt-sha256$2b,12$9fYarf35PdIdpPnEvrvt1O$eafYKMc43bKSnFgdjM62Zg6MkN8dzTG","email":"khaled.hadjeri@gmail.com","type":"user","secret":null,"website":null,"affiliation":null,"country":null,"bracket":null,"hidden":0,"banned":0,"verified":1,"team_id":null,"created":"2021-02-20T18:09:46"},{"id":289,"oauth_id":null,"name":"Mhd_Root","password":"$bcrypt-sha256$2b,12$KhTHPJ58HLkIcHuLBgbzku$riVm7PUWFa9KJO7vZ84MbE8H1eQFN8a","email":"momoherault34@gmail.com","type":"user","secret":null,"website":null,"affiliation":null,"country":null,"bracket":null,"hidden":0,"banned":0,"verified":1,"team_id":null,"created":"2021-02-20T18:17:55"},{"id":290,"oauth_id":null,"name":"Warmagan","password":"$bcrypt-sha256$2b,12$yLl/U899lzcN9mS38hcdeO$IwkogZ4QcaLu0QMIXDtikvDHnA70E5G","email":"sach.vilallonga@orange.fr","type":"user","secret":null,"website":null,"affiliation":null,"country":null,"bracket":null,"hidden":0,"banned":0,"verified":1,"team_id":null,"created":"2021-02-20T19:10:00"},{"id":291,"oauth_id":null,"name":"xlash","password":"$bcrypt-sha256$2b,12$Yck7Snm/cvp9LtTni.ynEO$h/FPnk3E6fO8ZuQt2wtePeBctOw1qxi","email":"guillaume@gnm.ninja","type":"user","secret":null,"website":null,"affiliation":null,"country":null,"bracket":null,"hidden":0,"banned":0,"verified":1,"team_id":null,"created":"2021-02-20T19:28:50"},{"id":292,"oauth_id":null,"name":"DoubleTake","password":"$bcrypt-sha256$2b,12$uRIFoGcMtZ83e./qD4gAje$smfCz9u25g/KPwmEDHTfg380xmH1fiW","email":"doubletake@tutanota.com","type":"user","secret":null,"website":null,"affiliation":null,"country":null,"bracket":null,"hidden":0,"banned":0,"verified":1,"team_id":null,"created":"2021-02-20T19:55:00"},{"id":293,"oauth_id":null,"name":"ichioui","password":"$bcrypt-sha256$2b,12$coCR1CMk65XZXIQqleM49O$zit.fuZeIdbZ/7masKOxAaQk2mX4e8i","email":"youssef.ichioui@gmail.com","type":"user","secret":null,"website":null,"affiliation":null,"country":null,"bracket":null,"hidden":0,"banned":0,"verified":1,"team_id":null,"created":"2021-02-20T20:06:48"},{"id":294,"oauth_id":null,"name":"rustleroni","password":"$bcrypt-sha256$2b,12$BjLtrIU5ZqoPKcGsExj2/.$u0GZqmZJxEDFg4CpouC8VGRKV6vzDaG","email":"kev.sullivan313@gmail.com","type":"user","secret":null,"website":null,"affiliation":null,"country":null,"bracket":null,"hidden":0,"banned":0,"verified":1,"team_id":null,"created":"2021-02-20T20:41:13"},{"id":295,"oauth_id":null,"name":"ncasimir","password":"$bcrypt-sha256$2b,12$KfSHk4lVnnvKQArU6UHkTu$ZRdRx3e6NOuXU7ZsG3zlukBB4rzHBW.","email":"nicolas.casimir@gmail.com","type":"user","secret":null,"website":null,"affiliation":null,"country":null,"bracket":null,"hidden":0,"banned":0,"verified":1,"team_id":null,"created":"2021-02-20T20:54:55"},{"id":296,"oauth_id":null,"name":"cup_of_e","password":"$bcrypt-sha256$2b,12$ZuMNieCa.qnW9/zwZxfgOu$JAOLjosoV9.b3KETSnx12a/MhJdvnbK","email":"cup@yopmail.com","type":"user","secret":null,"website":null,"affiliation":null,"country":null,"bracket":null,"hidden":0,"banned":0,"verified":1,"team_id":null,"created":"2021-02-20T21:00:09"},{"id":297,"oauth_id":null,"name":"Yann","password":"$bcrypt-sha256$2b,12$XRzdjU6q3HC6AalGoIAGCe$AK38Ri2fO4R0oz3Hk4/jbDrSHP3PKfu","email":"yann.demoulin@gmail.com","type":"user","secret":null,"website":null,"affiliation":null,"country":null,"bracket":null,"hidden":0,"banned":0,"verified":1,"team_id":null,"created":"2021-02-20T21:20:58"},{"id":298,"oauth_id":null,"name":"smp","password":"$bcrypt-sha256$2b,12$JIp4l9/dPIdJXjzGNbUYZO$eyndumRxvXkoScEMuKpxvldJLOml6wW","email":"kevlaflamm@gmail.com","type":"user","secret":null,"website":null,"affiliation":null,"country":null,"bracket":null,"hidden":0,"banned":0,"verified":1,"team_id":null,"created":"2021-02-20T22:47:17"},{"id":299,"oauth_id":null,"name":"nto","password":"$bcrypt-sha256$2b,12$kd65vND4bT4Xv7KhaDx9Lu$W0/y910b4PGC8bmfPI4uj9KsF451fnm","email":"antoinefcolson@gmail.com","type":"user","secret":null,"website":null,"affiliation":null,"country":null,"bracket":null,"hidden":0,"banned":0,"verified":1,"team_id":null,"created":"2021-02-20T23:26:15"},{"id":300,"oauth_id":null,"name":"X","password":"$bcrypt-sha256$2b,12$aas8irDiYh1Kx8BHimjdwe$lhT1R2yy03PtixV44RxZDYTXbthEA1G","email":"guillaume.fortier1820@gmail.com","type":"user","secret":null,"website":null,"affiliation":null,"country":null,"bracket":null,"hidden":0,"banned":0,"verified":1,"team_id":null,"created":"2021-02-20T23:40:46"},{"id":301,"oauth_id":null,"name":"KnS","password":"$bcrypt-sha256$2b,12$OGYsVc63vjo48ZuUPMnqpe$X.aGAM05BU99MxFLPNgh4YkjMSLW1QS","email":"ksrkns@protonmail.com","type":"user","secret":null,"website":null,"affiliation":null,"country":null,"bracket":null,"hidden":0,"banned":0,"verified":1,"team_id":null,"created":"2021-02-20T23:57:48"},{"id":302,"oauth_id":null,"name":"theOwl","password":"$bcrypt-sha256$2b,12$dbHk9TqJhkfA23xvNnjcPu$MCGXCpMXZ..UxbdJxTU0SC1Fa0KU7ce","email":"salim.elrhilani@gmail.com","type":"user","secret":null,"website":null,"affiliation":null,"country":null,"bracket":null,"hidden":0,"banned":0,"verified":1,"team_id":null,"created":"2021-02-21T00:40:07"},{"id":303,"oauth_id":null,"name":"atarixgb","password":"$bcrypt-sha256$2b,12$EphOIx63LZj3Meul/JdlZ.$hbEuyC9V58n70af1ueuQ0wasNavpyFK","email":"lea-kim.gilbert@polymtl.ca","type":"user","secret":null,"website":null,"affiliation":null,"country":null,"bracket":null,"hidden":0,"banned":0,"verified":1,"team_id":null,"created":"2021-02-21T01:09:13"},{"id":304,"oauth_id":null,"name":"player2","password":"$bcrypt-sha256$2b,12$VqJeonUYfM1sFo/VJBwzG.$l/aAEl9k4ofkUe6M.oo7uiKgpoZ1ahy","email":"byzlpww630@mayhco.com","type":"user","secret":null,"website":null,"affiliation":null,"country":null,"bracket":null,"hidden":0,"banned":0,"verified":1,"team_id":null,"created":"2021-02-21T01:14:19"},{"id":305,"oauth_id":null,"name":"letigtredununavu","password":"$bcrypt-sha256$2b,12$fmLoWVNGrybsP9ooOQMUiO$ZsY85chng0FBqyIMj6Ye9YDgA2ljyDC","email":"antoine.gauthier-drapeau@umontreal.ca","type":"user","secret":null,"website":null,"affiliation":null,"country":null,"bracket":null,"hidden":0,"banned":0,"verified":1,"team_id":null,"created":"2021-02-21T01:18:58"},{"id":306,"oauth_id":null,"name":"rjaydub","password":"$bcrypt-sha256$2b,12$sJ6ctwRBqWiAZKVN9owZGu$tGhTu3F/qg5PPk9FDpBnN1lrXjOjKeC","email":"575046@park.edu","type":"user","secret":null,"website":null,"affiliation":null,"country":null,"bracket":null,"hidden":0,"banned":0,"verified":1,"team_id":null,"created":"2021-02-21T01:42:19"},{"id":307,"oauth_id":null,"name":"SharedSec","password":"$bcrypt-sha256$2b,12$xMGwLpmXpPXXFxBoW3t9Ou$j7s61AbBaJn70e7luQY/u72Hzp4wu6q","email":"sharedsec@maubry.ca","type":"user","secret":null,"website":null,"affiliation":null,"country":null,"bracket":null,"hidden":0,"banned":0,"verified":1,"team_id":null,"created":"2021-02-21T01:43:15"},{"id":308,"oauth_id":null,"name":"mike7991","password":"$bcrypt-sha256$2b,12$uonuMDwbtdAYoKZlCBxO8O$jBWPVXH.4RjBmGXh5qz.CHQm95wHCXm","email":"kf691003@ens.uqam.ca","type":"user","secret":null,"website":null,"affiliation":null,"country":null,"bracket":null,"hidden":0,"banned":0,"verified":1,"team_id":null,"created":"2021-02-21T03:59:24"},{"id":309,"oauth_id":null,"name":"z1to","password":"$bcrypt-sha256$2b,12$6VlZd4blUck7lrOynsTEKu$h6h8IBNbAzg/9sE66Xz4k5De1Ph5Egi","email":"nicolasazito@gmail.com","type":"user","secret":null,"website":null,"affiliation":null,"country":null,"bracket":null,"hidden":0,"banned":0,"verified":1,"team_id":null,"created":"2021-02-21T04:27:36"},{"id":310,"oauth_id":null,"name":"fky","password":"$bcrypt-sha256$2b,12$2lQTIenmUgkiw.7TxgHzLe$sHyZ6.DJ2gdgIgfHcQMrmF1jf5dsuAq","email":"fieky@fieky.net","type":"user","secret":null,"website":null,"affiliation":null,"country":null,"bracket":null,"hidden":0,"banned":0,"verified":1,"team_id":null,"created":"2021-02-21T05:01:12"},{"id":311,"oauth_id":null,"name":"GloaW","password":"$bcrypt-sha256$2b,12$NdPSS4LHuD/0TwGWbjYEXO$uKTHQbRNssgIg9PmA3M46CGDbZjVPny","email":"choubou3777@gmail.com","type":"user","secret":null,"website":null,"affiliation":null,"country":null,"bracket":null,"hidden":0,"banned":0,"verified":1,"team_id":null,"created":"2021-02-21T06:44:29"},{"id":312,"oauth_id":null,"name":"streaker_rules","password":"$bcrypt-sha256$2b,12$POFPZ9giVRLpm9AX4AXh7.$v5ijeCWsuxR2xC4O1DSABNs0j1Azy6y","email":"saurav.co.in.com@gmail.com","type":"user","secret":null,"website":null,"affiliation":null,"country":null,"bracket":null,"hidden":0,"banned":0,"verified":1,"team_id":null,"created":"2021-02-21T07:11:27"},{"id":313,"oauth_id":null,"name":"Vanguard255","password":"$bcrypt-sha256$2b,12$xFCM8B0F1y8PIhbw1.KhnO$pi.Lyq78CukEFyQsyzGax6YIc1efZbS","email":"sultanovichlalita@protonmail.com","type":"user","secret":null,"website":null,"affiliation":null,"country":null,"bracket":null,"hidden":0,"banned":0,"verified":1,"team_id":null,"created":"2021-02-21T09:44:16"},{"id":314,"oauth_id":null,"name":"goklon","password":"$bcrypt-sha256$2b,12$MrZDM9jH3p.jrierkjy5YO$NwMwDZujqhnJWWI8OzpvOTjp93Zv3FW","email":"z0rgin@protonmail.com","type":"user","secret":null,"website":null,"affiliation":null,"country":null,"bracket":null,"hidden":0,"banned":0,"verified":1,"team_id":null,"created":"2021-02-21T13:33:50"},{"id":315,"oauth_id":null,"name":"Yannouchska","password":"$bcrypt-sha256$2b,12$gMk2SWqnV2Ij0f/SJ1X88e$4c/1zGH1A.N86zwI/zYYxr48qmgLq/i","email":"fortin.yann.2@gmail.com","type":"user","secret":null,"website":null,"affiliation":null,"country":null,"bracket":null,"hidden":0,"banned":0,"verified":1,"team_id":null,"created":"2021-02-21T15:03:29"},{"id":316,"oauth_id":null,"name":"Abyss","password":"$bcrypt-sha256$2b,12$O58QP1kQlEn.wckMEQBsYO$WtQSbheijjBlWyZtIh8HSEg/xtWWikS","email":"abyss@barbed.fr","type":"user","secret":null,"website":null,"affiliation":null,"country":null,"bracket":null,"hidden":0,"banned":0,"verified":1,"team_id":null,"created":"2021-02-21T17:14:07"},{"id":317,"oauth_id":null,"name":"ruweb","password":"$bcrypt-sha256$2b,12$W4l96R5l5W1KCIB4ZftxEe$EtFwzLbAkoVh4oYVDB86gbIhuqPcRfm","email":"identify@nigge.rs","type":"user","secret":null,"website":null,"affiliation":null,"country":null,"bracket":null,"hidden":0,"banned":1,"verified":0,"team_id":null,"created":"2021-02-21T18:03:09"},{"id":318,"oauth_id":null,"name":"Identify","password":"$bcrypt-sha256$2b,12$sjyG7ifKUwpJyJ0y2TfHQu$df8VoDlMFG6ap8bfyMV8bduKyADkClm","email":"identifyyyy@protonmail.com","type":"user","secret":null,"website":null,"affiliation":null,"country":null,"bracket":null,"hidden":0,"banned":0,"verified":1,"team_id":null,"created":"2021-02-21T18:10:40"},{"id":319,"oauth_id":null,"name":"klingon27","password":"$bcrypt-sha256$2b,12$WH6fkSaJrp5ksIprHfAj1u$sph2wjokz/DZ4Om11MJgPsuPu.qssgW","email":"k6h6xkp5@gmail.com","type":"user","secret":null,"website":null,"affiliation":null,"country":null,"bracket":null,"hidden":0,"banned":0,"verified":1,"team_id":null,"created":"2021-02-22T03:36:17"},{"id":320,"oauth_id":null,"name":"pappale_14","password":"$bcrypt-sha256$2b,12$.AgU2HSNFq4e4ucZKxQyFe$OXbtx3gY2P.gH9iz5b80D7nYDcl.cXa","email":"chawla.amit1988@gmail.com","type":"user","secret":null,"website":null,"affiliation":null,"country":null,"bracket":null,"hidden":0,"banned":0,"verified":1,"team_id":null,"created":"2021-02-22T04:51:27"},{"id":321,"oauth_id":null,"name":"Th3VBa17","password":"$bcrypt-sha256$2b,12$wbxF9JjD0w3mDwTk.puSd.$q7Lwg1e966rCNfY.rBG6XQOBfei9S5u","email":"chaymae.eljouhari@gmail.com","type":"user","secret":null,"website":null,"affiliation":null,"country":null,"bracket":null,"hidden":0,"banned":0,"verified":1,"team_id":null,"created":"2021-03-04T00:23:36"},{"id":322,"oauth_id":null,"name":"asd","password":"$bcrypt-sha256$2b,12$ZfKIUV7gj6j5OdH3xr.h3.$7l.VQm0Nsr6d4/b7VIeOeGGEgr8yzWS","email":"0xmohammedhassan@gmail.com","type":"user","secret":null,"website":null,"affiliation":null,"country":null,"bracket":null,"hidden":0,"banned":0,"verified":1,"team_id":null,"created":"2021-05-13T21:14:31"},{"id":323,"oauth_id":null,"name":"qiou","password":"$bcrypt-sha256$2b,12$XbxyAPZS1m5Hr0ut1/shGu$ca1fJnYZpa3e3MkzBvEFXNULXSp/.Y.","email":"jatamol658@geekale.com","type":"user","secret":null,"website":null,"affiliation":null,"country":null,"bracket":null,"hidden":0,"banned":0,"verified":0,"team_id":null,"created":"2021-05-28T20:25:06"},{"id":324,"oauth_id":null,"name":"kushsri3541","password":"$bcrypt-sha256$2b,12$D/l6wkTPuIYgEWim59bPXu$a96jXo5TGHzl3Estb/agLD9k6gBF73K","email":"kushagrasrivastav727@gmail.com","type":"user","secret":null,"website":null,"affiliation":null,"country":null,"bracket":null,"hidden":0,"banned":0,"verified":1,"team_id":null,"created":"2021-05-31T10:00:01"},{"id":325,"oauth_id":null,"name":"Santih","password":"$bcrypt-sha256$2b,12$/fia3U.QkSA0dwW4k8ek3O$Ho7mPb4S/MmEv62YkK3h9Q/syTIk4BG","email":"herizonirinanjiva@gmail.com","type":"user","secret":null,"website":null,"affiliation":null,"country":null,"bracket":null,"hidden":0,"banned":0,"verified":1,"team_id":null,"created":"2021-06-06T16:10:23"},{"id":326,"oauth_id":null,"name":"nullcod3r","password":"$bcrypt-sha256$2b,12$5GYdQn63UBTT6SD9MhCJp.$hE1IVGWGZSFH8iVwn9XvIrSGbswFmku","email":"prithvic.2015@gmail.com","type":"user","secret":null,"website":null,"affiliation":null,"country":null,"bracket":null,"hidden":0,"banned":0,"verified":1,"team_id":null,"created":"2021-06-27T07:45:21"}],"meta":{}}